BEACON,SECTOR NUMBER,SECTOR TYPE,SECTOR TITLE,FLEET ADVANCEMENT,TOTAL SHIPS DEFEATED,TOTAL SCRAP COLLECTED,TOTAL CREW HIRED,SCORE,HAZARDS,EVENT TEXT,STORE,SCRAP,HULL,FUEL,DRONE PARTS,MISSILES,CREW SIZE,OXYGEN LEVEL,POWER CAPACITY,SHIELDS CAPACITY,SHIELD POWER,SHIELD DAMAGE,ENGINES CAPACITY,ENGINES POWER,ENGINES DAMAGE,OXYGEN SYSTEM CAPACITY,OXYGEN SYSTEM POWER,OXYGEN SYSTEM DAMAGE,WEAPONS SYSTEM CAPACITY,WEAPONS SYSTEM POWER,WEAPONS SYSTEM DAMAGE,WEAPON SLOT 1,WEAPON SLOT 2,WEAPON SLOT 3,DRONE CONTROL SYSTEM CAPACITY,DRONE CONTROL SYSTEM POWER,DRONE CONTROL SYSTEM DAMAGE,DRONE SLOT 1,DRONE SLOT 2,DRONE SLOT 3,MEDBAY SYSTEM CAPACITY,MEDBAY SYSTEM POWER,MEDBAY SYSTEM DAMAGE,TELEPORTER SYSTEM CAPACITY,TELEPORTER SYSTEM POWER,TELEPORTER SYSTEM DAMAGE,CLOAKING SYSTEM CAPACITY,CLOAKING SYSTEM POWER,CLOAKING SYSTEM DAMAGE,ARTILLERY SYSTEM CAPACITY,ARTILLERY SYSTEM POWER,ARTILLERY SYSTEM DAMAGE,CLONEBAY SYSTEM CAPACITY,CLONEBAY SYSTEM POWER,CLONEBAY SYSTEM DAMAGE,MINDCONTROL SYSTEM CAPACITY,MINDCONTROL SYSTEM POWER,MINDCONTROL SYSTEM DAMAGE,HACKING SYSTEM CAPACITY,HACKING SYSTEM POWER,HACKING SYSTEM DAMAGE,PILOT SYTEM CAPACITY,PILOT SYSTEM DAMAGE,SENSORS SYSTEM CAPACITY,SENSORS SYSTEM DAMAGE,DOORS SYSTEM CAPACITY,DOORS SYSTEM DAMAGE,BATTERY SYSTEM CAPACITY,BATTERY SYSTEM DAMAGE,AUGMENTS,CARGO,CREW MEMBER 1 NAME,CREW MEMBER 1 SPECIES,CREW MEMBER 1 HEALTH,CREW MEMBER 1 PILOT SKILL,CREW MEMBER 1 ENGINE SKILL,CREW MEMBER 1 SHIELD SKILL,CREW MEMBER 1 WEAPON SKILL,CREW MEMBER 1 REPAIR SKILL,CREW MEMBER 1 COMBAT SKILL,CREW MEMBER 1 REPAIRS,CREW MEMBER 1 COMBAT KILLS,CREW MEMBER 1 PILOTED EVASIONS,CREW MEMBER 1 JUMPS SURVIVED,CREW MEMBER 1 SKILLS MASTERED,CREW MEMBER 2 NAME,CREW MEMBER 2 SPECIES,CREW MEMBER 2 HEALTH,CREW MEMBER 2 PILOT SKILL,CREW MEMBER 2 ENGINE SKILL,CREW MEMBER 2 SHIELD SKILL,CREW MEMBER 2 WEAPON SKILL,CREW MEMBER 2 REPAIR SKILL,CREW MEMBER 2 COMBAT SKILL,CREW MEMBER 2 REPAIRS,CREW MEMBER 2 COMBAT KILLS,CREW MEMBER 2 PILOTED EVASIONS,CREW MEMBER 2 JUMPS SURVIVED,CREW MEMBER 2 SKILLS MASTERED,CREW MEMBER 3 NAME,CREW MEMBER 3 SPECIES,CREW MEMBER 3 HEALTH,CREW MEMBER 3 PILOT SKILL,CREW MEMBER 3 ENGINE SKILL,CREW MEMBER 3 SHIELD SKILL,CREW MEMBER 3 WEAPON SKILL,CREW MEMBER 3 REPAIR SKILL,CREW MEMBER 3 COMBAT SKILL,CREW MEMBER 3 REPAIRS,CREW MEMBER 3 COMBAT KILLS,CREW MEMBER 3 PILOTED EVASIONS,CREW MEMBER 3 JUMPS SURVIVED,CREW MEMBER 3 SKILLS MASTERED,CREW MEMBER 4 NAME,CREW MEMBER 4 SPECIES,CREW MEMBER 4 HEALTH,CREW MEMBER 4 PILOT SKILL,CREW MEMBER 4 ENGINE SKILL,CREW MEMBER 4 SHIELD SKILL,CREW MEMBER 4 WEAPON SKILL,CREW MEMBER 4 REPAIR SKILL,CREW MEMBER 4 COMBAT SKILL,CREW MEMBER 4 REPAIRS,CREW MEMBER 4 COMBAT KILLS,CREW MEMBER 4 PILOTED EVASIONS,CREW MEMBER 4 JUMPS SURVIVED,CREW MEMBER 4 SKILLS MASTERED,CREW MEMBER 5 NAME,CREW MEMBER 5 SPECIES,CREW MEMBER 5 HEALTH,CREW MEMBER 5 PILOT SKILL,CREW MEMBER 5 ENGINE SKILL,CREW MEMBER 5 SHIELD SKILL,CREW MEMBER 5 WEAPON SKILL,CREW MEMBER 5 REPAIR SKILL,CREW MEMBER 5 COMBAT SKILL,CREW MEMBER 5 REPAIRS,CREW MEMBER 5 COMBAT KILLS,CREW MEMBER 5 PILOTED EVASIONS,CREW MEMBER 5 JUMPS SURVIVED,CREW MEMBER 5 SKILLS MASTERED,CREW MEMBER 6 NAME,CREW MEMBER 6 SPECIES,CREW MEMBER 6 HEALTH,CREW MEMBER 6 PILOT SKILL,CREW MEMBER 6 ENGINE SKILL,CREW MEMBER 6 SHIELD SKILL,CREW MEMBER 6 WEAPON SKILL,CREW MEMBER 6 REPAIR SKILL,CREW MEMBER 6 COMBAT SKILL,CREW MEMBER 6 REPAIRS,CREW MEMBER 6 COMBAT KILLS,CREW MEMBER 6 PILOTED EVASIONS,CREW MEMBER 6 JUMPS SURVIVED,CREW MEMBER 6 SKILLS MASTERED,NEARBY SHIP TYPE,NEARBY SHIP HULL,NEARBY SHIP FUEL,NEARBY SHIP DRONE PARTS,NEARBY SHIP MISSILES,NEARBY SHIP CREW SIZE,OXYGEN LEVEL,NEARBY SHIP POWER CAPACITY,NEARBY SHIP SHIELDS CAPACITY,NEARBY SHIP SHIELD POWER,NEARBY SHIP SHIELD DAMAGE,NEARBY SHIP ENGINES CAPACITY,NEARBY SHIP ENGINES POWER,NEARBY SHIP ENGINES DAMAGE,NEARBY SHIP OXYGEN SYSTEM CAPACITY,NEARBY SHIP OXYGEN SYSTEM POWER,NEARBY SHIP OXYGEN SYSTEM DAMAGE,NEARBY SHIP WEAPONS SYSTEM CAPACITY,NEARBY SHIP WEAPONS SYSTEM POWER,NEARBY SHIP WEAPONS SYSTEM DAMAGE,NEARBY SHIP WEAPON SLOT 1,NEARBY SHIP WEAPON SLOT 2,NEARBY SHIP WEAPON SLOT 3,NEARBY SHIP WEAPON SLOT 4,NEARBY SHIP DRONE CONTROL SYSTEM CAPACITY,NEARBY SHIP DRONE CONTROL SYSTEM POWER,NEARBY SHIP DRONE CONTROL SYSTEM DAMAGE,NEARBY SHIP MEDBAY SYSTEM CAPACITY,NEARBY SHIP MEDBAY SYSTEM POWER,NEARBY SHIP MEDBAY SYSTEM DAMAGE,NEARBY SHIP TELEPORTER SYSTEM CAPACITY,NEARBY SHIP TELEPORTER SYSTEM POWER,NEARBY SHIP TELEPORTER SYSTEM DAMAGE,NEARBY SHIP CLOAKING SYSTEM CAPACITY,NEARBY SHIP CLOAKING SYSTEM POWER,NEARBY SHIP CLOAKING SYSTEM DAMAGE,NEARBY SHIP ARTILLERY SYSTEM CAPACITY,NEARBY SHIP ARTILLERY SYSTEM POWER,NEARBY SHIP ARTILLERY SYSTEM DAMAGE,NEARBY SHIP CLONEBAY SYSTEM CAPACITY,NEARBY SHIP CLONEBAY SYSTEM POWER,NEARBY SHIP CLONEBAY SYSTEM DAMAGE,NEARBY SHIP MINDCONTROL SYSTEM CAPACITY,NEARBY SHIP MINDCONTROL SYSTEM POWER,NEARBY SHIP MINDCONTROL SYSTEM DAMAGE,NEARBY SHIP HACKING SYSTEM CAPACITY,NEARBY SHIP HACKING SYSTEM POWER,NEARBY SHIP HACKING SYSTEM DAMAGE,NEARBY SHIP PILOT SYTEM CAPACITY,NEARBY SHIP PILOT SYSTEM DAMAGE,NEARBY SHIP SENSORS SYSTEM CAPACITY,NEARBY SHIP SENSORS SYSTEM DAMAGE,NEARBY SHIP DOORS SYSTEM CAPACITY,NEARBY SHIP DOORS SYSTEM DAMAGE,NEARBY SHIP BATTERY SYSTEM CAPACITY,NEARBY SHIP BATTERY SYSTEM DAMAGE,NEARBY SHIP AUGMENTS,ENEMY CREW MEMBER 1 NAME,ENEMY CREW MEMBER 1 SPECIES,ENEMY CREW MEMBER 1 HEALTH,CREW MEMBER 1 REPAIRS,CREW MEMBER 1 COMBAT KILLS,ENEMY CREW MEMBER 2 NAME,ENEMY CREW MEMBER 2 SPECIES,ENEMY CREW MEMBER 2 HEALTH,CREW MEMBER 2 REPAIRS,CREW MEMBER 2 COMBAT KILLS,ENEMY CREW MEMBER 3 NAME,ENEMY CREW MEMBER 3 SPECIES,ENEMY CREW MEMBER 3 HEALTH,CREW MEMBER 3 REPAIRS,CREW MEMBER 3 COMBAT KILLS,ENEMY CREW MEMBER 4 NAME,ENEMY CREW MEMBER 4 SPECIES,ENEMY CREW MEMBER 4 HEALTH,CREW MEMBER 4 REPAIRS,CREW MEMBER 4 COMBAT KILLS,ENEMY CREW MEMBER 5 NAME,ENEMY CREW MEMBER 5 SPECIES,ENEMY CREW MEMBER 5 HEALTH,CREW MEMBER 5 REPAIRS,CREW MEMBER 5 COMBAT KILLS,HAS SURRENDERED,HULL DAMAGE NEEDED FOR SURRENDER,IS TRYING TO ESCAPE,HULL DAMAGE NEEDED FOR ESCAPE ATTEMPT,ENEMY BOARDING ATTEMPTS,ENEMY BOARDING STRENGTH
1,1,CIVILIAN,Civilian Sector,0%,0,0,3,15,"","The data you carry is vital to the remaining Federation fleet. You'll need supplies for the journey, so make sure to explore each sector before moving on to the next. But get to the exit before the pursuing Rebel fleet can catch up!  TIP: Pausing -  Press SPACE at any time to pause the game. You can still issue orders to crew or manipulate system power while paused.","",10,30,16,15,0,3,100,10,2,2,0,2,1,0,1,1,0,3,0,0,ION 4,,,3,0,0,COMBAT 1,,,1,1,0,0,0,0,0,0,0,0,0,0,0,0,0,0,0,0,0,0,0,1,0,1,0,1,0,0,0,"NANO MEDBAY","",Chris Phillips,Human,100,0,0,0,0,0,0,0,0,0,0,0,Jon Caldwell,Engi,100,0,0,0,0,0,0,0,0,0,0,0,Butters,Engi,100,0,0,0,0,0,0,0,0,0,0,0,,,,,,,,,,,,,,,,,,,,,,,,,,,,,,,,,,,,,,,,,,,
2,1,CIVILIAN,Civilian Sector,0%,1,17,3,86,"","The station was either abandoned or stripped clean. It seems to have lain unused for quite some time. You find nothing useful.","",27,30,15,14,0,3,100,10,2,2,0,2,1,0,1,1,0,3,3,0,ION 4,,,3,0,0,COMBAT 1,,,1,1,0,0,0,0,0,0,0,0,0,0,0,0,0,0,0,0,0,0,0,1,0,1,0,1,0,0,0,"NANO MEDBAY","",Chris Phillips,Human,100,0,0,0,0,0,0,0,0,0,1,0,Jon Caldwell,Engi,100,0,0,0,0,0,0,0,0,0,1,0,Butters,Engi,100,0,0,0,4,0,0,0,0,0,1,0,,,,,,,,,,,,,,,,,,,,,,,,,,,,,,,,,,,,,,,,,,,
3,1,CIVILIAN,Civilian Sector,0%,2,38,3,162,"","","",48,24,14,14,2,3,100,10,2,2,0,2,1,1,1,1,0,3,3,0,ION 4,LASER HEAVY 1,,3,0,0,COMBAT 1,,,1,1,0,0,0,0,0,0,0,0,0,0,0,0,0,0,0,0,0,0,0,1,0,1,0,1,0,0,0,"NANO MEDBAY","",Chris Phillips,Human,100,1,0,0,0,0,0,0,0,2,2,0,Jon Caldwell,Engi,100,0,0,0,0,2,0,2,0,0,2,0,Butters,Engi,100,0,0,0,8,2,0,2,0,0,2,0,,,,,,,,,,,,,,,,,,,,,,,,,,,,,,,,,,,,,,,,,,,
4,1,CIVILIAN,Civilian Sector,0%,2,38,3,177,"","You find yourself surrounded by a group of mysterious alien vessels. They hail you and apparently have some valuable technology for sale.","System: cloaking, clonebay, hacking, Augment: FTL JUMPER, TELEPORT HEAL, LIFE SCANNER, Weapon: BOMB HEAL, MISSILES 3, ION STUN, Drone: REPAIR, DEFENSE 2, BOARDER, ",48,24,13,14,2,3,100,10,2,2,0,2,1,0,1,1,0,3,3,0,ION 4,LASER HEAVY 1,,3,0,0,COMBAT 1,,,1,1,0,0,0,0,0,0,0,0,0,0,0,0,0,0,0,0,0,0,0,1,0,1,0,1,0,0,0,"NANO MEDBAY","",Chris Phillips,Human,100,1,0,0,0,0,0,0,0,2,3,0,Jon Caldwell,Engi,100,0,0,0,0,3,0,3,0,0,3,0,Butters,Engi,100,0,0,0,8,2,0,2,0,0,3,0,,,,,,,,,,,,,,,,,,,,,,,,,,,,,,,,,,,,,,,,,,,
5,1,CIVILIAN,Civilian Sector,10%,3,57,3,251,"","The ship explodes, leaving behind a substantial collection of useful scrap material.","",67,22,15,13,3,3,97,10,2,2,0,2,1,0,1,1,0,3,3,0,ION 4,LASER HEAVY 1,,3,0,0,COMBAT 1,,,1,1,0,0,0,0,0,0,0,0,0,0,0,0,0,0,0,0,0,0,0,1,0,1,0,1,0,0,0,"NANO MEDBAY","",Chris Phillips,Human,100,1,0,0,0,0,0,0,0,2,4,0,Jon Caldwell,Engi,100,0,0,0,0,3,0,3,0,0,4,0,Butters,Engi,100,0,0,0,8,3,0,3,0,0,4,0,,,,,,,,,,,,,,,,,,,,,,,,,,,,,,,,,,,,,,,,,,,
6,1,CIVILIAN,Civilian Sector,15%,4,76,3,324,"","The ship explodes, leaving behind a substantial collection of useful scrap material.","",36,19,17,13,3,3,100,10,4,4,0,2,0,0,1,1,0,3,3,0,ION 4,LASER HEAVY 1,,3,0,0,COMBAT 1,,,1,0,1,0,0,0,0,0,0,0,0,0,0,0,0,0,0,0,0,0,0,1,0,1,0,1,0,0,0,"NANO MEDBAY","",Chris Phillips,Human,100,1,0,0,0,0,0,0,0,2,5,0,Jon Caldwell,Engi,100,0,0,0,0,3,0,3,0,0,5,0,Butters,Engi,100,0,0,0,11,4,0,4,0,0,5,0,,,,,,,,,,,,,,,,,,,,,,,,,,,,,,,,,,,,,,,,,,,
7,1,CIVILIAN,Civilian Sector,20%,5,91,3,392,"","The ship explodes, leaving behind a substantial collection of useful scrap material.","",26,19,17,13,3,3,77,11,4,4,0,2,1,0,1,1,0,3,3,0,ION 4,LASER HEAVY 1,,3,0,0,COMBAT 1,,,1,0,0,0,0,0,0,0,0,0,0,0,0,0,0,0,0,0,0,0,0,1,0,1,0,1,0,0,0,"NANO MEDBAY","",Chris Phillips,Human,100,1,0,0,0,0,0,0,0,2,6,0,Jon Caldwell,Engi,100,0,0,0,0,4,0,4,0,0,6,0,Butters,Engi,79,0,0,0,12,4,0,4,0,0,6,0,,,,,,,,,,,,,,,,,,,,,,,,,,,,,,,,,,,,,,,,,,,
8,1,CIVILIAN,Civilian Sector,30%,5,91,3,407,"","Your scans reveal a mining base on a nearby planet long since abandoned. No life signs detected.","",26,19,16,13,3,3,74,11,4,4,0,2,1,0,1,1,0,3,3,0,ION 4,LASER HEAVY 1,,3,0,0,COMBAT 1,,,1,1,0,0,0,0,0,0,0,0,0,0,0,0,0,0,0,0,0,0,0,1,0,1,0,1,0,0,0,"NANO MEDBAY","",Chris Phillips,Human,100,1,0,0,0,0,1,0,1,2,7,0,Jon Caldwell,Engi,100,0,0,0,0,4,0,4,0,0,7,0,Butters,Engi,85,0,0,0,12,4,0,4,0,0,7,0,,,,,,,,,,,,,,,,,,,,,,,,,,,,,,,,,,,,,,,,,,,
9,1,CIVILIAN,Civilian Sector,40%,5,111,3,452,"","Your crew-member is able to remotely fix the glitch in the defense AI, allowing the repair crew to close in and finish the job. The station gives you its thanks along with a reward.","",46,19,16,14,3,3,76,11,4,4,0,2,1,0,1,1,0,3,3,0,ION 4,LASER HEAVY 1,,3,0,0,COMBAT 1,,,1,1,0,0,0,0,0,0,0,0,0,0,0,0,0,0,0,0,0,0,0,1,0,1,0,1,0,0,0,"NANO MEDBAY","",Chris Phillips,Human,100,1,0,0,0,0,1,0,1,2,8,0,Jon Caldwell,Engi,100,0,0,0,0,4,0,4,0,0,8,0,Butters,Engi,90,0,0,0,12,4,0,4,0,0,8,0,,,,,,,,,,,,,,,,,,,,,,,,,,,,,,,,,,,,,,,,,,,
10,1,CIVILIAN,Civilian Sector,50%,6,137,3,536,"","The outpost hails you after the scout was destroyed, Thanks for the help. We've been harassed non-stop by those scouts. Take this on the house.","",72,19,17,14,5,3,100,11,4,4,0,2,1,0,1,1,0,3,3,0,ION 4,LASER HEAVY 1,LASER CHAINGUN,3,0,0,COMBAT 1,,,1,0,0,0,0,0,0,0,0,0,0,0,0,0,0,0,0,0,0,0,0,1,0,1,0,1,0,0,0,"NANO MEDBAY","",Chris Phillips,Human,100,1,0,0,0,0,1,0,1,2,9,0,Jon Caldwell,Engi,100,0,0,0,0,4,0,4,0,0,9,0,Butters,Engi,95,0,0,0,19,4,0,4,0,0,9,0,,,,,,,,,,,,,,,,,,,,,,,,,,,,,,,,,,,,,,,,,,,
11,1,CIVILIAN,Civilian Sector,59%,7,154,3,606,"Asteroid Field","The ship explodes, leaving behind a substantial collection of useful scrap material.","",64,19,17,14,5,3,100,12,4,4,0,2,2,0,1,1,0,3,3,0,LASER CHAINGUN,LASER HEAVY 1,ION 4,3,0,0,COMBAT 1,,,1,0,0,0,0,0,0,0,0,0,0,0,0,0,0,0,0,0,0,0,0,1,0,1,0,1,0,0,0,"NANO MEDBAY","",Chris Phillips,Human,100,1,0,0,0,0,1,0,1,2,10,0,Jon Caldwell,Engi,100,0,0,0,0,4,0,4,0,0,10,0,Butters,Engi,100,0,0,0,20,4,0,4,0,0,10,0,,,,,,,,,,,,,,,,,,,,,,,,,,,,,,,,,,,,,,,,,,,
12,1,CIVILIAN,Civilian Sector,69%,8,170,3,675,"","The ship explodes, leaving behind a substantial collection of useful scrap material.","",80,18,17,14,5,3,46,12,4,4,0,2,1,0,1,1,0,3,3,0,LASER CHAINGUN,LASER HEAVY 1,ION 4,3,0,0,COMBAT 1,,,1,1,0,0,0,0,0,0,0,0,0,0,0,0,0,0,0,0,0,0,0,1,0,1,0,1,0,0,0,"NANO MEDBAY","",Chris Phillips,Human,51,1,0,0,0,0,1,0,1,2,11,0,Jon Caldwell,Engi,54,0,0,0,0,4,0,4,0,0,11,0,Butters,Engi,35,0,0,0,20,4,0,4,0,0,11,0,,,,,,,,,,,,,,,,,,,,,,,,,,,,,,,,,,,,,,,,,,,
13,1,CIVILIAN,Civilian Sector,79%,8,170,3,690,"","Great. Thanks for your help. I've marked their last known coordinates and sent over some supplies to help you get there. Added a quest marker to the next sector!","",80,18,19,16,5,3,55,12,4,4,0,2,1,0,1,1,0,3,3,0,LASER CHAINGUN,LASER HEAVY 1,ION 4,3,0,0,COMBAT 1,,,1,1,0,0,0,0,0,0,0,0,0,0,0,0,0,0,0,0,0,0,0,1,0,1,0,1,0,0,0,"NANO MEDBAY","",Chris Phillips,Human,100,1,0,0,0,0,1,0,1,2,12,0,Jon Caldwell,Engi,100,0,0,0,0,4,0,4,0,0,12,0,Butters,Engi,100,0,0,0,20,4,0,4,0,0,12,0,,,,,,,,,,,,,,,,,,,,,,,,,,,,,,,,,,,,,,,,,,,
14,1,CIVILIAN,Civilian Sector,89%,8,170,3,705,"","You let their team on board and after a short time they finish their work.","",65,18,18,16,5,3,56,12,4,4,0,2,1,0,1,1,0,3,3,0,LASER CHAINGUN,LASER HEAVY 1,ION 4,3,0,0,COMBAT 1,,,1,1,0,0,0,0,0,0,0,0,0,0,0,0,0,0,0,0,0,0,0,1,0,1,0,2,0,0,0,"NANO MEDBAY","",Chris Phillips,Human,100,1,0,0,0,0,1,0,1,2,13,0,Jon Caldwell,Engi,100,0,0,0,0,4,0,4,0,0,13,0,Butters,Engi,100,0,0,0,20,4,0,4,0,0,13,0,,,,,,,,,,,,,,,,,,,,,,,,,,,,,,,,,,,,,,,,,,,
15,2,HOSTILE,Rebel Controlled Sector,0%,8,170,3,720,"","At one point this was one of the most commonly traveled sectors. Knowing that, the Rebels have stationed a number of fleets here. Be careful.","",65,18,17,16,5,3,56,12,4,4,0,2,1,0,1,1,0,3,3,0,LASER CHAINGUN,LASER HEAVY 1,ION 4,3,0,0,COMBAT 1,,,1,1,0,0,0,0,0,0,0,0,0,0,0,0,0,0,0,0,0,0,0,1,0,1,0,2,0,0,0,"NANO MEDBAY","",Chris Phillips,Human,100,1,0,0,0,0,1,0,1,2,14,0,Jon Caldwell,Engi,100,0,0,0,0,4,0,4,0,0,14,0,Butters,Engi,100,0,0,0,20,4,0,4,0,0,14,0,,,,,,,,,,,,,,,,,,,,,,,,,,,,,,,,,,,,,,,,,,,
16,2,HOSTILE,Rebel Controlled Sector,0%,8,170,3,735,"","You discover a re-supply station used by Rebels and civilians alike. You transmit your fake ship identification and for once, they don't seem to recognize your ship. You try to assume the air of a local as you prepare to dock.","System: teleporter, mind, hacking, Weapon: LASER CHAINGUN, LASER CHARGEGUN 2, BOMB 1, Crew: Mantis, Human, Human, Augment: EXPLOSIVE REPLICATOR, FTL JUMPER, ION ARMOR, ",25,18,16,16,5,3,57,12,4,4,0,2,1,0,1,1,0,3,2,0,LASER CHAINGUN,LASER CHAINGUN,ION 4,3,0,0,COMBAT 1,,,1,1,0,0,0,0,0,0,0,0,0,0,0,0,0,0,0,0,0,0,0,1,0,1,0,2,0,0,0,"NANO MEDBAY","",Chris Phillips,Human,100,1,0,0,0,0,1,0,1,2,15,0,Jon Caldwell,Engi,100,0,0,0,0,4,0,4,0,0,15,0,Butters,Engi,100,0,0,0,20,4,0,4,0,0,15,0,,,,,,,,,,,,,,,,,,,,,,,,,,,,,,,,,,,,,,,,,,,
17,2,HOSTILE,Rebel Controlled Sector,6%,9,189,3,809,"","The ship explodes, leaving behind a substantial collection of useful scrap material.","",44,18,15,16,7,3,100,12,4,4,0,2,2,0,1,1,0,3,2,0,LASER CHAINGUN,LASER CHAINGUN,ION 4,3,0,0,COMBAT 1,,,1,1,0,0,0,0,0,0,0,0,0,0,0,0,0,0,0,0,0,0,0,1,0,1,0,2,0,0,0,"NANO MEDBAY","",Chris Phillips,Human,100,1,0,0,0,0,1,0,1,2,16,0,Jon Caldwell,Engi,100,0,0,0,0,4,0,4,0,0,16,0,Butters,Engi,100,0,0,0,23,4,0,4,0,0,16,0,,,,,,,,,,,,,,,,,,,,,,,,,,,,,,,,,,,,,,,,,,,
18,2,HOSTILE,Rebel Controlled Sector,15%,10,214,3,891,"","The ship explodes, leaving behind a substantial collection of useful scrap material.","",34,17,14,16,9,3,50,12,4,4,0,2,2,0,1,0,0,4,4,0,LASER CHAINGUN,LASER CHAINGUN,ION 4,3,0,0,COMBAT 1,,,1,0,0,0,0,0,0,0,0,0,0,0,0,0,0,0,0,0,0,0,0,1,0,1,0,2,0,0,0,"NANO MEDBAY","",Chris Phillips,Human,100,2,0,0,0,0,1,0,1,4,17,0,Jon Caldwell,Engi,100,0,1,0,0,4,0,4,0,0,17,0,Butters,Engi,85,0,0,0,27,5,0,5,0,0,17,0,,,,,,,,,,,,,,,,,,,,,,,,,,,,,,,,,,,,,,,,,,,
19,2,HOSTILE,Rebel Controlled Sector,20%,11,234,3,966,"","The ship explodes, leaving behind a substantial collection of useful scrap material.","",54,17,14,16,9,3,23,12,4,4,0,2,2,0,1,0,0,4,4,0,LASER CHAINGUN,LASER CHAINGUN,ION 4,3,0,0,COMBAT 1,,,1,0,0,0,0,0,0,0,0,0,0,0,0,0,0,0,0,0,0,0,0,1,0,1,0,2,0,0,0,"NANO MEDBAY","",Chris Phillips,Human,100,2,0,0,0,0,1,0,1,4,18,0,Jon Caldwell,Engi,100,0,1,0,0,4,0,4,0,0,18,0,Butters,Engi,85,0,0,0,29,5,0,5,0,0,18,0,,,,,,,,,,,,,,,,,,,,,,,,,,,,,,,,,,,,,,,,,,,
20,2,HOSTILE,Rebel Controlled Sector,25%,11,234,3,981,"","There appear to be a number of small stations nearby. Before you have time to scan them, warnings go off. A Rebel teleporter was used in one of the stations. You've been boarded!","",29,17,13,16,9,3,23,13,4,4,0,2,2,0,1,1,0,4,4,0,LASER CHAINGUN,LASER CHAINGUN,ION 4,3,0,0,COMBAT 1,,,1,0,0,0,0,0,0,0,0,0,0,0,0,0,0,0,0,0,0,0,0,1,0,1,0,2,0,0,0,"NANO MEDBAY","",Chris Phillips,Human,100,2,0,0,0,0,1,0,1,4,19,0,Jon Caldwell,Engi,100,0,1,0,0,4,0,4,0,0,19,0,Butters,Engi,85,0,0,0,29,5,0,5,0,0,19,0,,,,,,,,,,,,,,,,,,,,,,,,,,,,,,,,,,,,,,,,,,,
21,2,HOSTILE,Rebel Controlled Sector,30%,11,234,3,996,"","Thank you for your business.","",17,17,18,16,9,3,21,13,4,4,0,2,2,0,1,1,0,4,4,0,LASER CHAINGUN,LASER CHAINGUN,ION 4,3,0,0,COMBAT 1,,,1,0,0,0,0,0,0,0,0,0,0,0,0,0,0,0,0,0,0,0,0,1,0,1,0,2,0,0,0,"NANO MEDBAY","",Chris Phillips,Human,100,2,0,0,0,0,2,0,2,4,20,0,Jon Caldwell,Engi,100,0,1,0,0,4,0,4,0,0,20,0,Butters,Engi,100,0,0,0,29,7,0,7,0,0,20,0,,,,,,,,,,,,,,,,,,,,,,,,,,,,,,,,,,,,,,,,,,,
22,2,HOSTILE,Rebel Controlled Sector,40%,11,253,3,1040,"","Great, thank you. Here's some scrap metal for your troubles. Be careful out there.","",36,17,13,16,9,3,21,13,4,4,0,2,2,0,1,1,0,4,4,0,LASER CHAINGUN,LASER CHAINGUN,ION 4,3,0,0,COMBAT 1,,,1,0,0,0,0,0,0,0,0,0,0,0,0,0,0,0,0,0,0,0,0,1,0,1,0,2,0,0,0,"NANO MEDBAY","",Chris Phillips,Human,100,2,0,0,0,0,2,0,2,4,21,0,Jon Caldwell,Engi,100,0,1,0,0,4,0,4,0,0,21,0,Butters,Engi,100,0,0,0,29,7,0,7,0,0,21,0,,,,,,,,,,,,,,,,,,,,,,,,,,,,,,,,,,,,,,,,,,,
23,2,HOSTILE,Rebel Controlled Sector,50%,12,274,3,1116,"","The ship explodes, leaving behind a substantial collection of useful scrap material.","",57,17,13,16,11,3,77,13,4,4,0,2,2,0,1,1,0,4,4,0,LASER CHAINGUN,LASER CHAINGUN,ION 4,3,0,0,COMBAT 1,,,1,0,0,0,0,0,0,0,0,0,0,0,0,0,0,0,0,0,0,0,0,1,0,1,0,2,0,0,0,"NANO MEDBAY","",Chris Phillips,Human,100,5,0,0,0,0,2,0,2,10,22,0,Jon Caldwell,Engi,100,0,4,0,0,4,0,4,0,0,22,0,Butters,Engi,100,0,0,0,37,7,0,7,0,0,22,0,,,,,,,,,,,,,,,,,,,,,,,,,,,,,,,,,,,,,,,,,,,
24,2,HOSTILE,Rebel Controlled Sector,60%,12,305,3,1178,"","Thank you. Here, have this extra scrap as payment.","",88,17,9,16,11,3,77,13,4,4,0,2,2,0,1,1,0,4,4,0,LASER CHAINGUN,LASER CHAINGUN,ION 4,3,0,0,COMBAT 1,,,1,0,0,0,0,0,0,0,0,0,0,0,0,0,0,0,0,0,0,0,0,1,0,1,0,2,0,0,0,"NANO MEDBAY","",Chris Phillips,Human,100,5,0,0,0,0,2,0,2,10,23,0,Jon Caldwell,Engi,100,0,4,0,0,4,0,4,0,0,23,0,Butters,Engi,100,0,0,0,37,7,0,7,0,0,23,0,,,,,,,,,,,,,,,,,,,,,,,,,,,,,,,,,,,,,,,,,,,FED_BOMBER,10,16,0,10,2,100,8,2,2,0,2,1,0,1,1,0,2,0,0,MISSILES 1,ION STUN,,,0,0,0,0,0,0,0,0,0,0,0,0,0,0,0,0,0,0,0,0,0,0,0,0,1,0,0,0,0,0,0,0,"",Layla,Human,100,0,0,Scott Kletzkin,Human,100,0,0,,,,,,,,,,,,,,,,false,,false,,0,2
25,2,HOSTILE,Rebel Controlled Sector,70%,12,305,3,1193,"","You find a single store that responds to your hails: Don't open any wide band channels. We'll sell to you but we don't want to draw attention to ourselves.","System: teleporter, battery, hacking, Weapon: ION 4, LASER HEAVY 1, MISSILES 3, Crew: Engi, Engi, Mantis, Drone: REPAIR, BATTLE, COMBAT 1, ",57,22,15,16,11,3,78,13,4,4,0,2,2,0,1,1,0,4,4,0,LASER CHAINGUN,LASER CHAINGUN,ION 4,3,0,0,COMBAT 1,,,1,0,0,0,0,0,0,0,0,0,0,0,0,0,0,0,0,0,0,0,0,1,0,1,0,2,0,0,0,"NANO MEDBAY","",Chris Phillips,Human,100,5,0,0,0,0,2,0,2,10,24,0,Jon Caldwell,Engi,100,0,4,0,0,4,0,4,0,0,24,0,Butters,Engi,100,0,0,0,37,7,0,7,0,0,24,0,,,,,,,,,,,,,,,,,,,,,,,,,,,,,,,,,,,,,,,,,,,
26,2,HOSTILE,Rebel Controlled Sector,79%,12,305,3,1208,"","You receive generic advertisements from a nearby public ship-yard. It seems they are willing to work on any ship, not only those of Rebel hue.","Augment: ION ARMOR, FTL JUMPER, FLEET DISTRACTION, Weapon: ION 2, BOMB ION, BOMB HEAL SYSTEM, System: teleporter, cloaking, battery, Crew: Human, Mantis, Engi, ",2,22,14,16,11,3,78,13,4,4,0,2,2,0,1,1,0,4,4,0,LASER CHAINGUN,LASER CHAINGUN,ION 4,3,0,0,COMBAT 1,,,1,0,0,0,0,0,0,0,0,0,0,0,0,0,0,0,0,0,0,0,0,1,0,1,0,2,0,0,0,"FLEET DISTRACTION, NANO MEDBAY","",Chris Phillips,Human,100,5,0,0,0,0,2,0,2,10,25,0,Jon Caldwell,Engi,100,0,4,0,0,4,0,4,0,0,25,0,Butters,Engi,100,0,0,0,37,7,0,7,0,0,25,0,,,,,,,,,,,,,,,,,,,,,,,,,,,,,,,,,,,,,,,,,,,
27,2,HOSTILE,Rebel Controlled Sector,89%,12,305,3,1223,"","","",2,22,13,16,11,3,79,13,4,4,0,2,2,0,1,1,0,4,4,0,LASER CHAINGUN,LASER CHAINGUN,ION 4,3,0,0,COMBAT 1,,,1,0,0,0,0,0,0,0,0,0,0,0,0,0,0,0,0,0,0,0,0,1,0,1,0,2,0,0,0,"FLEET DISTRACTION, NANO MEDBAY","",Chris Phillips,Human,100,5,0,0,0,0,2,0,2,10,26,0,Jon Caldwell,Engi,100,0,4,0,0,4,0,4,0,0,26,0,Butters,Engi,100,0,0,0,37,7,0,7,0,0,26,0,,,,,,,,,,,,,,,,,,,,,,,,,,,,,,,,,,,,,,,,,,,
28,3,CIVILIAN,Zoltan Homeworlds,0%,12,305,3,1238,"","You arrive in Zoltan space. From what you have heard they anticipated the coming war and made preparations to hold their borders. You deploy your Distraction Buoys, giving you more time to explore this sector before the fleet catches up.","",2,22,12,16,11,3,80,13,4,4,0,2,2,0,1,1,0,4,4,0,LASER CHAINGUN,LASER CHAINGUN,ION 4,3,0,0,COMBAT 1,,,1,0,0,0,0,0,0,0,0,0,0,0,0,0,0,0,0,0,0,0,0,1,0,1,0,2,0,0,0,"FLEET DISTRACTION, NANO MEDBAY","",Chris Phillips,Human,100,5,0,0,0,0,2,0,2,10,27,0,Jon Caldwell,Engi,100,0,4,0,0,4,0,4,0,0,27,0,Butters,Engi,100,0,0,0,37,7,0,7,0,0,27,0,,,,,,,,,,,,,,,,,,,,,,,,,,,,,,,,,,,,,,,,,,,
29,3,CIVILIAN,Zoltan Homeworlds,0%,13,339,3,1334,"","The ship explodes, leaving behind a substantial collection of useful scrap material.","",36,21,11,17,12,3,100,13,4,4,0,2,2,0,1,1,0,4,4,0,LASER CHAINGUN,LASER CHAINGUN,ION 4,3,0,0,COMBAT 1,,,1,1,0,0,0,0,0,0,0,0,0,0,0,0,0,0,0,0,0,0,0,1,0,1,0,2,0,0,0,"FLEET DISTRACTION, NANO MEDBAY","",Chris Phillips,Human,100,5,0,0,0,0,2,0,2,10,28,0,Jon Caldwell,Engi,100,0,4,0,0,5,0,5,0,0,28,0,Butters,Engi,100,0,0,0,39,7,0,7,0,0,28,0,,,,,,,,,,,,,,,,,,,,,,,,,,,,,,,,,,,,,,,,,,,
30,3,CIVILIAN,Zoltan Homeworlds,0%,14,366,3,1419,"","The ship explodes, leaving behind a substantial collection of useful scrap material.","",63,18,12,17,12,3,57,13,4,4,0,2,2,0,1,1,0,4,4,0,LASER CHAINGUN,LASER CHAINGUN,ION 4,3,0,0,COMBAT 1,,,1,0,0,0,0,0,0,0,0,0,0,0,0,0,0,0,0,0,0,0,0,1,0,1,0,2,0,0,0,"FLEET DISTRACTION, NANO MEDBAY","",Chris Phillips,Human,100,7,0,0,0,0,2,0,2,14,29,0,Jon Caldwell,Engi,85,0,6,0,0,6,0,6,0,0,29,0,Butters,Engi,100,0,0,0,47,8,0,8,0,0,29,0,,,,,,,,,,,,,,,,,,,,,,,,,,,,,,,,,,,,,,,,,,,
31,3,CIVILIAN,Zoltan Homeworlds,0%,15,392,3,1503,"","The ship explodes, leaving behind a substantial collection of useful scrap material.","",74,17,11,17,13,3,54,13,4,4,0,3,1,0,1,1,0,4,4,0,LASER CHAINGUN,LASER CHAINGUN,ION 4,3,0,0,COMBAT 1,,,1,1,0,0,0,0,0,0,0,0,0,0,0,0,0,0,0,0,0,0,0,1,0,1,0,2,0,0,0,"FLEET DISTRACTION, NANO MEDBAY","",Chris Phillips,Human,96,7,0,0,0,1,2,1,2,14,30,0,Jon Caldwell,Engi,96,0,6,0,0,6,0,6,0,0,30,0,Butters,Engi,100,0,0,0,53,8,0,8,0,0,30,0,,,,,,,,,,,,,,,,,,,,,,,,,,,,,,,,,,,,,,,,,,,
32,3,CIVILIAN,Zoltan Homeworlds,0%,15,406,3,1539,"","Your crew calmly lines up for the Zoltans to take their readings. After a short time, the process is done. They contact you, Thank you for your participation in our study. Please accept these small cakes made from stiff dough as well as some scrap.","",88,17,10,17,13,3,54,13,4,4,0,3,1,0,1,1,0,4,4,0,LASER CHAINGUN,LASER CHAINGUN,ION 4,3,0,0,COMBAT 1,,,1,1,0,0,0,0,0,0,0,0,0,0,0,0,0,0,0,0,0,0,0,1,0,1,0,2,0,0,0,"FLEET DISTRACTION, NANO MEDBAY","",Chris Phillips,Human,100,7,0,0,0,1,2,1,2,14,31,0,Jon Caldwell,Engi,100,0,6,0,0,6,0,6,0,0,31,0,Butters,Engi,100,0,0,0,53,8,0,8,0,0,31,0,,,,,,,,,,,,,,,,,,,,,,,,,,,,,,,,,,,,,,,,,,,
33,3,CIVILIAN,Zoltan Homeworlds,5%,16,433,3,1625,"","The ship explodes, leaving behind a substantial collection of useful scrap material.","",115,11,9,18,15,3,94,13,4,4,0,3,3,0,1,1,0,4,4,0,LASER CHAINGUN,LASER CHAINGUN,ION 4,3,0,0,COMBAT 1,,,1,1,0,0,0,0,0,0,0,0,0,0,0,0,0,0,0,0,0,0,0,1,0,1,0,2,0,0,0,"FLEET DISTRACTION, NANO MEDBAY","",Chris Phillips,Human,100,9,0,0,0,1,2,1,2,18,32,0,Jon Caldwell,Engi,100,0,8,0,0,6,0,6,0,0,32,0,Butters,Engi,100,0,0,0,67,9,0,9,0,0,32,1,,,,,,,,,,,,,,,,,,,,,,,,,,,,,,,,,,,,,,,,,,,
34,3,CIVILIAN,Zoltan Homeworlds,15%,16,433,3,1640,"","The Zoltan are fascinated by other species, and have set up something of an alien knick-knack shop here. Why not take a look?","System: battery, clonebay, mind, Drone: REPAIR, ANTI DRONE, DEFENSE 1, ",26,20,15,18,15,3,94,13,4,4,0,3,3,0,1,1,0,4,4,0,LASER CHAINGUN,LASER CHAINGUN,ION 4,3,0,0,COMBAT 1,DEFENSE 1,,1,1,0,0,0,0,0,0,0,0,0,0,0,0,0,0,0,0,0,0,0,1,0,1,0,2,0,0,0,"FLEET DISTRACTION, NANO MEDBAY","",Chris Phillips,Human,100,9,0,0,0,1,2,1,2,18,33,0,Jon Caldwell,Engi,100,0,8,0,0,6,0,6,0,0,33,0,Butters,Engi,100,0,0,0,67,9,0,9,0,0,33,1,,,,,,,,,,,,,,,,,,,,,,,,,,,,,,,,,,,,,,,,,,,
35,3,CIVILIAN,Zoltan Homeworlds,25%,16,433,3,1655,"","You stumble upon some Zoltan military vessels engaging in combat training. Their Energy Shields are impressive, but you note how quickly beam and ion weaponry take them down.","",26,20,14,18,15,3,94,13,4,4,0,3,3,0,1,1,0,4,4,0,LASER CHAINGUN,LASER CHAINGUN,ION 4,3,0,0,COMBAT 1,DEFENSE 1,,1,1,0,0,0,0,0,0,0,0,0,0,0,0,0,0,0,0,0,0,0,1,0,1,0,2,0,0,0,"FLEET DISTRACTION, NANO MEDBAY","",Chris Phillips,Human,100,9,0,0,0,1,2,1,2,18,34,0,Jon Caldwell,Engi,100,0,8,0,0,6,0,6,0,0,34,0,Butters,Engi,100,0,0,0,67,9,0,9,0,0,34,1,,,,,,,,,,,,,,,,,,,,,,,,,,,,,,,,,,,,,,,,,,,
36,3,CIVILIAN,Zoltan Homeworlds,34%,17,461,3,1742,"","The ship explodes, leaving behind a substantial collection of useful scrap material.","",54,20,14,17,16,3,99,13,4,4,0,3,2,0,1,1,0,4,4,0,LASER CHAINGUN,LASER CHAINGUN,ION 4,3,0,0,COMBAT 1,DEFENSE 1,,1,0,0,0,0,0,0,0,0,0,0,0,0,0,0,0,0,0,0,0,0,1,0,1,0,2,0,0,0,"FLEET DISTRACTION, NANO MEDBAY","",Chris Phillips,Human,100,10,0,0,0,1,2,1,2,20,35,0,Jon Caldwell,Engi,100,0,8,0,0,6,0,6,0,0,35,0,Butters,Engi,100,0,0,0,71,9,0,9,0,0,35,1,,,,,,,,,,,,,,,,,,,,,,,,,,,,,,,,,,,,,,,,,,,
37,3,CIVILIAN,Zoltan Homeworlds,44%,17,500,3,1815,"","You approach the planet carefully, trying to keep your ship from breaking up in orbit. The monolith, whatever it is, must sense as much because the next thing you know you have enough scrap to patch up your damage and more besides!","",93,20,13,17,16,3,99,13,4,4,0,3,2,0,1,1,0,4,4,0,LASER CHAINGUN,LASER CHAINGUN,ION 4,3,0,0,COMBAT 1,DEFENSE 1,,1,0,0,0,0,0,0,0,0,0,0,0,0,0,0,0,0,0,0,0,0,1,0,1,0,2,0,0,0,"FLEET DISTRACTION, NANO MEDBAY","",Chris Phillips,Human,100,10,0,0,0,1,2,1,2,20,36,0,Jon Caldwell,Engi,100,0,8,0,0,6,0,6,0,0,36,0,Butters,Engi,100,0,0,0,71,9,0,9,0,0,36,1,,,,,,,,,,,,,,,,,,,,,,,,,,,,,,,,,,,,,,,,,,,
38,3,CIVILIAN,Zoltan Homeworlds,49%,17,500,3,1830,"","With the sensors down, you spend a good deal of time staring out the window. It is, you must admit, rather beautiful here.","",93,20,12,17,16,3,99,13,4,4,0,3,2,0,1,1,0,4,4,0,LASER CHAINGUN,LASER CHAINGUN,ION 4,3,0,0,COMBAT 1,DEFENSE 1,,1,0,0,0,0,0,0,0,0,0,0,0,0,0,0,0,0,0,0,0,0,1,0,1,0,2,0,0,0,"FLEET DISTRACTION, NANO MEDBAY","",Chris Phillips,Human,100,10,0,0,0,1,2,1,2,20,37,0,Jon Caldwell,Engi,100,0,8,0,0,6,0,6,0,0,37,0,Butters,Engi,100,0,0,0,71,9,0,9,0,0,37,1,,,,,,,,,,,,,,,,,,,,,,,,,,,,,,,,,,,,,,,,,,,
39,3,CIVILIAN,Zoltan Homeworlds,54%,17,500,3,1845,"","A Mantis crew here has hunkered down in the abdomen of a long-dead space-whale - the only way, presumably, for them to operate their black-market trade without detection. Worth a look?","Weapon: LASER HULL 1, BOMB FIRE, BOMB HEAL, System: teleporter, mind, hacking, Crew: Slug, Engi, Human, ",80,22,14,17,16,3,99,13,4,4,0,3,2,0,1,1,0,4,4,0,LASER CHAINGUN,LASER CHAINGUN,ION 4,3,0,0,COMBAT 1,DEFENSE 1,,1,0,0,0,0,0,0,0,0,0,0,0,0,0,0,0,0,0,0,0,0,1,0,1,0,2,0,0,0,"FLEET DISTRACTION, NANO MEDBAY","",Chris Phillips,Human,100,10,0,0,0,1,2,1,2,20,38,0,Jon Caldwell,Engi,100,0,8,0,0,6,0,6,0,0,38,0,Butters,Engi,100,0,0,0,71,9,0,9,0,0,38,1,,,,,,,,,,,,,,,,,,,,,,,,,,,,,,,,,,,,,,,,,,,
40,3,CIVILIAN,Zoltan Homeworlds,64%,17,500,3,1860,"","","",40,22,13,17,16,3,99,13,5,4,0,3,2,0,1,1,0,4,4,0,LASER CHAINGUN,LASER CHAINGUN,ION 4,3,0,0,COMBAT 1,DEFENSE 1,,1,0,0,0,0,0,0,0,0,0,0,0,0,0,0,0,0,0,0,0,0,1,0,1,0,2,0,0,0,"FLEET DISTRACTION, NANO MEDBAY","",Chris Phillips,Human,100,10,0,0,0,1,2,1,2,20,39,0,Jon Caldwell,Engi,100,0,8,0,0,6,0,6,0,0,39,0,Butters,Engi,100,0,0,0,71,9,0,9,0,0,39,1,,,,,,,,,,,,,,,,,,,,,,,,,,,,,,,,,,,,,,,,,,,
41,3,CIVILIAN,Zoltan Homeworlds,69%,17,500,3,1875,"","This Long-Range Beacon is almost hidden within a nebula. When the FTL Drive is charged you can jump to the next Sector.","",40,22,12,17,16,3,99,13,5,4,0,3,2,0,1,1,0,4,4,0,LASER CHAINGUN,LASER CHAINGUN,ION 4,3,0,0,COMBAT 1,DEFENSE 1,,1,0,0,0,0,0,0,0,0,0,0,0,0,0,0,0,0,0,0,0,0,1,0,1,0,2,0,0,0,"FLEET DISTRACTION, NANO MEDBAY","",Chris Phillips,Human,100,10,0,0,0,1,2,1,2,20,40,0,Jon Caldwell,Engi,100,0,8,0,0,6,0,6,0,0,40,0,Butters,Engi,100,0,0,0,71,9,0,9,0,0,40,1,,,,,,,,,,,,,,,,,,,,,,,,,,,,,,,,,,,,,,,,,,,
42,4,CIVILIAN,Zoltan Controlled Sector,0%,17,500,3,1890,"","You're far from Federation home space here in Zoltan territory, and it's not clear whether the authorities will have any goodwill remaining. Still, you have to push forward. You deploy your Distraction Buoys, giving you more time to explore this sector before the fleet catches up.","",40,22,11,17,16,3,99,13,5,4,0,3,2,0,1,1,0,4,4,0,LASER CHAINGUN,LASER CHAINGUN,ION 4,3,0,0,COMBAT 1,DEFENSE 1,,1,0,0,0,0,0,0,0,0,0,0,0,0,0,0,0,0,0,0,0,0,1,0,1,0,2,0,0,0,"FLEET DISTRACTION, NANO MEDBAY","",Chris Phillips,Human,100,10,0,0,0,1,2,1,2,20,41,0,Jon Caldwell,Engi,100,0,8,0,0,6,0,6,0,0,41,0,Butters,Engi,100,0,0,0,71,9,0,9,0,0,41,1,,,,,,,,,,,,,,,,,,,,,,,,,,,,,,,,,,,,,,,,,,,
43,4,CIVILIAN,Zoltan Controlled Sector,0%,17,550,3,1980,"","The family apparently owns one of the most valuable mining enterprises in the sector. For the safe return of his son, the patron of the family offers you a substantial reward.","",65,22,10,17,16,3,100,14,5,4,0,3,2,0,1,1,0,4,4,0,LASER CHAINGUN,LASER CHAINGUN,ION 4,3,0,0,COMBAT 1,DEFENSE 1,,1,0,0,0,0,0,0,0,0,0,0,0,0,0,0,0,0,0,0,0,0,1,0,1,0,2,0,0,0,"FLEET DISTRACTION, NANO MEDBAY","",Chris Phillips,Human,100,10,0,0,0,1,2,1,2,20,42,0,Jon Caldwell,Engi,100,0,8,0,0,6,0,6,0,0,42,0,Butters,Engi,100,0,0,0,71,9,0,9,0,0,42,1,,,,,,,,,,,,,,,,,,,,,,,,,,,,,,,,,,,,,,,,,,,
44,4,CIVILIAN,Zoltan Controlled Sector,0%,18,591,3,2087,"","The ship explodes, leaving behind a substantial collection of useful scrap material.","",106,18,11,17,16,3,87,14,5,4,0,3,3,0,1,1,0,4,4,0,LASER CHAINGUN,LASER CHAINGUN,ION 4,3,2,0,COMBAT 1,DEFENSE 1,,1,0,0,0,0,0,0,0,0,0,0,0,0,0,0,0,0,0,0,0,0,1,0,1,0,2,0,0,0,"FLEET DISTRACTION, NANO MEDBAY","",Chris Phillips,Human,100,14,0,0,0,1,2,1,2,28,43,1,Jon Caldwell,Engi,100,0,12,0,0,6,0,6,0,0,43,0,Butters,Engi,100,0,0,0,97,10,0,10,0,0,43,1,,,,,,,,,,,,,,,,,,,,,,,,,,,,,,,,,,,,,,,,,,,
45,4,CIVILIAN,Zoltan Controlled Sector,0%,19,610,3,2160,"","The ship obliterated, only scant fuel canisters can be scavenged from the wreckage before the ion storm clears and you have to jump away.","",125,17,11,16,16,3,87,14,5,0,0,3,0,0,1,1,0,4,4,0,LASER CHAINGUN,LASER CHAINGUN,ION 4,3,2,0,COMBAT 1,DEFENSE 1,,1,0,0,0,0,0,0,0,0,0,0,0,0,0,0,0,0,0,0,0,0,1,0,1,1,2,0,0,0,"FLEET DISTRACTION, NANO MEDBAY","",Chris Phillips,Human,100,14,0,0,0,1,2,1,2,28,44,1,Jon Caldwell,Engi,100,0,12,0,0,6,0,6,0,0,44,0,Butters,Engi,100,0,0,0,107,10,0,10,0,0,44,1,,,,,,,,,,,,,,,,,,,,,,,,,,,,,,,,,,,,,,,,,,,
46,4,CIVILIAN,Zoltan Controlled Sector,0%,20,650,3,2265,"","The ship explodes, leaving behind a substantial collection of useful scrap material.","",115,16,10,16,17,3,45,14,5,4,0,3,3,0,1,0,0,5,4,0,LASER CHAINGUN,LASER CHAINGUN,ION 4,3,0,0,COMBAT 1,DEFENSE 1,,1,0,0,0,0,0,0,0,0,0,0,0,0,0,0,0,0,0,0,0,0,1,0,1,0,2,0,0,0,"FLEET DISTRACTION, NANO MEDBAY","",Chris Phillips,Human,100,16,0,0,0,1,2,1,2,32,45,1,Jon Caldwell,Engi,100,0,14,0,0,7,0,7,0,0,45,0,Butters,Engi,100,0,0,0,112,10,0,10,0,0,45,1,,,,,,,,,,,,,,,,,,,,,,,,,,,,,,,,,,,,,,,,,,,
47,4,CIVILIAN,Zoltan Controlled Sector,0%,20,650,3,2280,"","","",115,16,16,16,13,3,43,14,5,4,0,3,3,0,1,0,0,5,4,0,LASER CHAINGUN,LASER CHAINGUN,ION 4,3,0,0,COMBAT 1,DEFENSE 1,,1,0,0,0,0,0,0,0,0,0,0,0,0,0,0,0,0,0,0,0,0,1,0,1,0,2,0,0,0,"FLEET DISTRACTION, NANO MEDBAY","",Chris Phillips,Human,100,16,0,0,0,1,2,1,2,32,46,1,Jon Caldwell,Engi,100,0,14,0,0,7,0,7,0,0,46,0,Butters,Engi,100,0,0,0,112,10,0,10,0,0,46,1,,,,,,,,,,,,,,,,,,,,,,,,,,,,,,,,,,,,,,,,,,,
48,4,CIVILIAN,Zoltan Controlled Sector,0%,21,708,3,2412,"","The station was apparently designed to outfit Rebel ships with Drone Systems. You find a functioning Schematic.","",173,11,15,15,13,3,67,14,5,4,0,3,3,0,1,1,0,5,4,0,LASER CHAINGUN,LASER CHAINGUN,ION 4,3,0,0,COMBAT 1,DEFENSE 1,SHIP REPAIR,1,0,0,0,0,0,0,0,0,0,0,0,0,0,0,0,0,0,0,0,0,1,0,1,0,2,0,0,0,"FLEET DISTRACTION, NANO MEDBAY","",Chris Phillips,Human,70,20,0,0,0,2,2,2,2,40,47,1,Jon Caldwell,Engi,85,0,18,0,0,8,0,8,0,0,47,1,Butters,Engi,74,0,0,0,114,12,0,12,0,0,47,1,,,,,,,,,,,,,,,,,,,,,,,,,,,,,,,,,,,,,,,,,,,
49,4,CIVILIAN,Zoltan Controlled Sector,4%,21,708,3,2427,"","As you wait for the FTL drive to charge, you half expect to be ambushed at any moment. However, no attack comes...","",173,11,14,15,13,3,70,14,5,4,0,3,3,0,1,1,0,5,4,0,LASER CHAINGUN,LASER CHAINGUN,ION 4,3,0,0,COMBAT 1,DEFENSE 1,SHIP REPAIR,1,0,0,0,0,0,0,0,0,0,0,0,0,0,0,0,0,0,0,0,0,1,0,1,0,2,0,0,0,"FLEET DISTRACTION, NANO MEDBAY","",Chris Phillips,Human,70,20,0,0,0,2,2,2,2,40,48,1,Jon Caldwell,Engi,85,0,18,0,0,8,0,8,0,0,48,1,Butters,Engi,74,0,0,0,114,12,0,12,0,0,48,1,,,,,,,,,,,,,,,,,,,,,,,,,,,,,,,,,,,,,,,,,,,
50,4,CIVILIAN,Zoltan Controlled Sector,9%,21,708,3,2442,"","The Zoltan are fascinated by other species, and have set up something of an alien knick-knack shop here. Why not take a look?","Drone: BATTLE, BOARDER, DEFENSE 1, Augment: FTL BOOSTER, FLEET DISTRACTION, ZOLTAN BYPASS, Crew: Mantis, Zoltan, Rock, ",173,19,13,13,13,3,87,14,5,4,0,3,3,0,1,1,0,5,4,0,LASER CHAINGUN,LASER CHAINGUN,ION 4,3,0,0,COMBAT 1,DEFENSE 1,SHIP REPAIR,1,0,0,0,0,0,0,0,0,0,0,0,0,0,0,0,0,0,0,0,0,1,0,1,0,2,0,0,0,"FLEET DISTRACTION, NANO MEDBAY","",Chris Phillips,Human,70,20,0,0,0,2,2,2,2,40,49,1,Jon Caldwell,Engi,85,0,18,0,0,8,0,8,0,0,49,1,Butters,Engi,74,0,0,0,114,12,0,12,0,0,49,1,,,,,,,,,,,,,,,,,,,,,,,,,,,,,,,,,,,,,,,,,,,
51,4,CIVILIAN,Zoltan Controlled Sector,18%,21,738,3,2502,"","Among the junk and scrap you find a salvageable drone schematic. You decide to quit while ahead and prepare to jump with your recent find.","",203,19,12,13,13,3,87,14,5,2,0,3,0,0,1,0,0,5,4,0,LASER CHAINGUN,LASER CHAINGUN,ION 4,3,0,0,COMBAT 1,DEFENSE 1,SHIP REPAIR,1,0,0,0,0,0,0,0,0,0,0,0,0,0,0,0,0,0,0,0,0,1,0,1,0,2,0,0,0,"FLEET DISTRACTION, NANO MEDBAY","SHIP REPAIR",Chris Phillips,Human,70,20,0,0,0,2,2,2,2,40,50,1,Jon Caldwell,Engi,85,0,18,0,0,8,0,8,0,0,50,1,Butters,Engi,74,0,0,0,114,12,0,12,0,0,50,1,,,,,,,,,,,,,,,,,,,,,,,,,,,,,,,,,,,,,,,,,,,
52,4,CIVILIAN,Zoltan Controlled Sector,23%,22,768,3,2592,"","The ship explodes, leaving behind a substantial collection of useful scrap material.","",233,13,13,12,14,3,26,14,5,1,0,3,1,0,1,1,0,5,4,0,LASER CHAINGUN,LASER CHAINGUN,ION 4,3,0,0,COMBAT 1,DEFENSE 1,SHIP REPAIR,1,1,0,0,0,0,0,0,0,0,0,0,0,0,0,0,0,0,0,0,0,1,0,1,0,2,0,0,0,"FLEET DISTRACTION, NANO MEDBAY","SHIP REPAIR",Chris Phillips,Human,100,26,0,0,0,4,2,4,2,52,51,2,Jon Caldwell,Engi,100,0,24,0,1,8,0,8,0,0,51,1,Butters,Engi,44,0,0,0,130,17,0,17,0,0,51,2,,,,,,,,,,,,,,,,,,,,,,,,,,,,,,,,,,,,,,,,,,,
53,4,CIVILIAN,Zoltan Controlled Sector,33%,22,768,3,2607,"","Scans reveal a number of asteroids with useful compositions. You extract some fuel.","",233,16,17,11,14,3,41,14,5,4,0,3,1,0,1,1,0,5,4,0,LASER CHAINGUN,LASER CHAINGUN,ION 4,3,0,0,COMBAT 1,DEFENSE 1,SHIP REPAIR,1,1,0,0,0,0,0,0,0,0,0,0,0,0,0,0,0,0,0,0,0,1,0,1,0,2,0,0,0,"FLEET DISTRACTION, NANO MEDBAY","SHIP REPAIR",Chris Phillips,Human,100,26,0,0,0,4,2,4,2,52,52,2,Jon Caldwell,Engi,100,0,24,0,1,8,0,8,0,0,52,1,Butters,Engi,67,0,0,0,130,17,0,17,0,0,52,2,,,,,,,,,,,,,,,,,,,,,,,,,,,,,,,,,,,,,,,,,,,
54,4,CIVILIAN,Zoltan Controlled Sector,43%,22,768,3,2622,"","The Zoltan stationed near this beacon are happy to receive you. As they give you the formal tour of their ship you spy some local star charts and mentally log the details.","",233,16,16,11,14,3,41,14,5,4,0,3,1,0,1,1,0,5,4,0,LASER CHAINGUN,LASER CHAINGUN,ION 4,3,0,0,COMBAT 1,DEFENSE 1,SHIP REPAIR,1,1,0,0,0,0,0,0,0,0,0,0,0,0,0,0,0,0,0,0,0,1,0,1,0,2,0,0,0,"FLEET DISTRACTION, NANO MEDBAY","SHIP REPAIR",Chris Phillips,Human,100,26,0,0,0,4,2,4,2,52,53,2,Jon Caldwell,Engi,100,0,24,0,1,8,0,8,0,0,53,1,Butters,Engi,71,0,0,0,130,17,0,17,0,0,53,2,,,,,,,,,,,,,,,,,,,,,,,,,,,,,,,,,,,,,,,,,,,ZOLTAN_FIGHTER_DLC,10,16,0,10,2,100,22,6,5,0,3,1,0,1,1,0,5,0,0,BEAM 3,LASER HEAVY 1,,,0,0,0,0,0,0,0,0,0,0,0,0,0,0,0,1,1,0,0,0,0,0,0,0,1,0,0,0,0,0,0,0,"ENERGY SHIELD",Atreyu,Zoltan,70,0,0,Nick Lanng,Zoltan,70,0,0,,,,,,,,,,,,,,,,false,1,false,,0,1
55,4,CIVILIAN,Zoltan Controlled Sector,53%,22,768,3,2637,"","A human ship hails: My friends! Please, there is nothing I don't have, and there is nothing worth wanting that I can't get. Why not take a look around my shop?","System: teleporter, cloaking, battery, Weapon: BOMB FIRE, LASER HULL 1, BOMB 1, ",155,18,17,11,14,3,45,14,5,4,0,3,1,0,1,1,0,5,4,0,LASER CHAINGUN,LASER CHAINGUN,ION 4,3,0,0,COMBAT 1,DEFENSE 1,,1,1,0,0,0,0,1,1,0,0,0,0,0,0,0,0,0,0,0,0,0,1,0,1,0,2,0,0,0,"FLEET DISTRACTION, NANO MEDBAY","",Chris Phillips,Human,100,26,0,0,0,4,2,4,2,52,54,2,Jon Caldwell,Engi,100,0,24,0,1,8,0,8,0,0,54,1,Butters,Engi,79,0,0,0,130,17,0,17,0,0,54,2,,,,,,,,,,,,,,,,,,,,,,,,,,,,,,,,,,,,,,,,,,,
56,4,CIVILIAN,Zoltan Controlled Sector,63%,23,800,3,2730,"","The ship explodes, leaving behind a substantial collection of useful scrap material.","",87,9,18,9,15,3,57,15,5,4,0,3,2,0,1,1,0,6,4,0,LASER CHAINGUN,LASER CHAINGUN,ION 4,3,2,0,COMBAT 1,DEFENSE 1,,1,1,0,0,0,0,1,1,0,0,0,0,0,0,0,0,0,0,0,0,0,1,0,1,1,2,1,0,0,"FLEET DISTRACTION, NANO MEDBAY","",Chris Phillips,Human,100,26,0,0,0,4,2,4,2,57,55,2,Jon Caldwell,Engi,100,0,28,0,1,9,0,9,0,0,55,1,Butters,Engi,100,0,0,0,130,19,0,19,0,0,55,3,,,,,,,,,,,,,,,,,,,,,,,,,,,,,,,,,,,,,,,,,,,
57,4,CIVILIAN,Zoltan Controlled Sector,73%,24,863,3,2870,"","The outpost hails you after the scout was destroyed, Thanks for the help. We've been harassed non-stop by those scouts. Take this on the house.","",150,9,22,8,18,3,82,15,5,3,0,3,2,0,1,1,0,6,4,0,LASER CHAINGUN,LASER CHAINGUN,ION 4,3,0,0,COMBAT 1,DEFENSE 1,,1,1,0,0,0,0,1,1,0,0,0,0,0,0,0,0,0,0,0,0,0,1,0,1,0,2,0,0,0,"FLEET DISTRACTION, NANO MEDBAY","",Chris Phillips,Human,100,26,0,0,0,4,2,4,2,57,56,2,Jon Caldwell,Engi,100,0,28,0,1,10,0,10,0,0,56,1,Butters,Engi,100,0,0,0,130,20,0,20,0,0,56,3,,,,,,,,,,,,,,,,,,,,,,,,,,,,,,,,,,,,,,,,,,,
58,5,CIVILIAN,Civilian Sector,0%,24,863,3,2885,"","Welcome to a new sector! Get to the exit beacon and jump to the next sector before the pursuing Rebels catch you! You deploy your Distraction Buoys, giving you more time to explore this sector before the fleet catches up.","",150,9,21,8,18,3,82,15,5,4,0,3,2,0,1,1,0,6,4,0,LASER CHAINGUN,LASER CHAINGUN,ION 4,3,0,0,COMBAT 1,DEFENSE 1,,1,1,0,0,0,0,1,1,0,0,0,0,0,0,0,0,0,0,0,0,0,1,0,1,0,2,0,0,0,"FLEET DISTRACTION, NANO MEDBAY","",Chris Phillips,Human,100,26,0,0,0,4,2,4,2,57,57,2,Jon Caldwell,Engi,100,0,28,0,1,10,0,10,0,0,57,1,Butters,Engi,100,0,0,0,130,20,0,20,0,0,57,3,,,,,,,,,,,,,,,,,,,,,,,,,,,,,,,,,,,,,,,,,,,
59,5,CIVILIAN,Civilian Sector,0%,24,903,3,2960,"","","",50,9,24,8,18,3,84,17,5,4,0,3,2,0,1,1,0,6,4,0,LASER CHAINGUN,LASER CHAINGUN,ION 4,3,0,0,COMBAT 1,DEFENSE 1,,1,1,0,0,0,0,3,1,0,0,0,0,0,0,0,0,0,0,0,0,0,1,0,1,0,2,0,0,0,"FLEET DISTRACTION, NANO MEDBAY","",Chris Phillips,Human,100,26,0,0,0,4,2,4,2,57,58,2,Jon Caldwell,Engi,100,0,28,0,1,10,0,10,0,0,58,1,Butters,Engi,100,0,0,0,130,20,0,20,0,0,58,3,,,,,,,,,,,,,,,,,,,,,,,,,,,,,,,,,,,,,,,,,,,
60,5,CIVILIAN,Civilian Sector,0%,24,903,3,2975,"","","",50,9,23,8,18,3,95,17,5,4,0,3,3,0,1,1,0,6,4,0,LASER CHAINGUN,LASER CHAINGUN,ION 4,3,0,0,COMBAT 1,DEFENSE 1,,1,0,0,0,0,0,3,3,0,0,0,0,0,0,0,0,0,0,0,0,0,1,0,1,0,2,0,0,0,"FLEET DISTRACTION, NANO MEDBAY","",Chris Phillips,Human,100,26,0,0,0,4,2,4,2,57,59,2,Jon Caldwell,Engi,100,0,28,0,1,10,0,10,0,0,59,1,Butters,Engi,100,0,0,0,130,20,0,20,0,0,59,3,,,,,,,,,,,,,,,,,,,,,,,,,,,,,,,,,,,,,,,,,,,
61,5,CIVILIAN,Civilian Sector,0%,24,922,4,3018,"","Within the ship graveyard you find one ship that seems relatively untouched. On board you find an unconscious passenger, and take them back to the ship. Once awake they offer to join your crew in thanks.","",69,9,22,9,20,4,96,17,5,4,0,3,2,0,1,0,0,6,2,0,LASER CHAINGUN,LASER CHAINGUN,ION 4,3,0,0,COMBAT 1,DEFENSE 1,,1,0,0,0,0,0,3,1,0,0,0,0,0,0,0,0,0,0,0,0,0,1,0,1,0,2,0,0,0,"FLEET DISTRACTION, NANO MEDBAY","",Chris Phillips,Human,100,26,0,0,0,4,2,4,2,57,60,2,Jon Caldwell,Engi,100,0,28,0,1,10,0,10,0,0,60,1,Butters,Engi,100,0,0,0,130,20,0,20,0,0,60,3,Kusy,Engi,100,0,30,0,0,0,0,0,0,0,0,0,,,,,,,,,,,,,,,,,,,,,,,,,,,,,
62,5,CIVILIAN,Civilian Sector,0%,25,956,4,3114,"","The ship explodes, leaving behind a substantial collection of useful scrap material.","",103,7,24,8,22,4,11,17,5,4,0,3,2,0,1,1,0,6,4,0,LASER CHAINGUN,LASER CHAINGUN,ION 4,3,0,0,COMBAT 1,DEFENSE 1,,1,1,0,0,0,0,3,3,0,0,0,0,0,0,0,0,0,0,0,0,0,1,0,1,0,2,0,0,0,"FLEET DISTRACTION, NANO MEDBAY","",Chris Phillips,Human,100,26,0,0,0,4,2,4,2,59,61,2,Jon Caldwell,Engi,56,0,28,0,1,12,0,12,0,0,61,1,Butters,Engi,65,0,0,0,130,20,0,20,0,0,61,3,Kusy,Engi,42,0,30,0,0,1,0,1,0,0,1,0,,,,,,,,,,,,,,,,,,,,,,,,,,,,,
63,5,CIVILIAN,Civilian Sector,0%,25,956,4,3129,"","The station was either abandoned or stripped clean. It seems to have lain unused for quite some time. You find nothing useful.","",13,7,23,8,22,4,32,17,5,4,0,3,2,0,1,1,0,7,4,0,LASER CHAINGUN,LASER CHAINGUN,ION 4,3,0,0,COMBAT 1,DEFENSE 1,,1,1,0,0,0,0,3,3,0,0,0,0,0,0,0,0,0,0,0,0,0,1,0,1,0,2,0,0,0,"FLEET DISTRACTION, NANO MEDBAY","",Chris Phillips,Human,100,26,0,0,0,4,2,4,2,59,62,2,Jon Caldwell,Engi,100,0,28,0,1,12,0,12,0,0,62,1,Butters,Engi,100,0,0,0,130,20,0,20,0,0,62,3,Kusy,Engi,96,0,30,0,0,1,0,1,0,0,2,0,,,,,,,,,,,,,,,,,,,,,,,,,,,,,AUTO_ASSAULT_DLC,12,16,4,10,0,0,17,5,4,0,4,1,0,0,0,0,5,0,0,LASER HEAVY 2,ION 2,,,0,0,0,0,0,0,0,0,0,0,0,0,0,0,0,0,0,0,0,0,0,2,1,0,2,0,0,0,0,0,0,0,"",,,,,,,,,,,,,,,,,,,,,,,,,,false,2,false,1,0,0
64,5,CIVILIAN,Civilian Sector,6%,25,956,4,3144,"","The space station here has a traveling merchant who shows you his wares.","Weapon: LASER CHARGEGUN, LASER HULL 1, MISSILES HULL, Crew: Mantis, Rock, Rock, ",1,11,22,8,22,4,33,17,5,4,0,3,2,0,1,1,0,7,4,0,LASER CHAINGUN,LASER CHAINGUN,ION 4,3,0,0,COMBAT 1,DEFENSE 1,,1,1,0,0,0,0,3,3,0,0,0,0,0,0,0,0,0,0,0,0,0,1,0,1,0,2,0,0,0,"FLEET DISTRACTION, NANO MEDBAY","",Chris Phillips,Human,100,26,0,0,0,4,2,4,2,59,63,2,Jon Caldwell,Engi,100,0,28,0,1,12,0,12,0,0,63,1,Butters,Engi,100,0,0,0,130,20,0,20,0,0,63,3,Kusy,Engi,100,0,30,0,0,1,0,1,0,0,3,0,,,,,,,,,,,,,,,,,,,,,,,,,,,,,
65,5,CIVILIAN,Civilian Sector,16%,26,1017,4,3281,"","The outpost hails you after the scout was destroyed, Thanks for the help. We've been harassed non-stop by those scouts. Take this on the house.","",62,11,24,9,24,4,82,17,5,4,0,3,2,0,1,1,0,7,7,0,LASER CHAINGUN,LASER CHAINGUN,ION 4,3,0,0,COMBAT 1,DEFENSE 1,,1,0,0,0,0,0,3,3,0,0,0,0,0,0,0,0,0,0,0,0,0,1,0,1,0,2,0,0,0,"FLEET DISTRACTION, NANO MEDBAY","",Chris Phillips,Human,100,26,0,0,0,4,2,4,2,60,64,2,Jon Caldwell,Engi,100,0,28,0,1,12,0,12,0,0,64,1,Butters,Engi,100,0,0,0,130,20,0,20,0,0,64,3,Kusy,Engi,100,0,30,0,0,1,0,1,0,0,4,0,,,,,,,,,,,,,,,,,,,,,,,,,,,,,
66,5,CIVILIAN,Civilian Sector,26%,26,1017,4,3296,"","You find a single store that responds to your hails: Don't open any wide band channels. We'll sell to you but we don't want to draw attention to ourselves.","System: battery, mind, hacking, Crew: Engi, Mantis, Mantis, ",2,11,23,9,24,4,85,19,5,4,0,3,2,0,1,1,0,7,7,0,LASER CHAINGUN,LASER CHAINGUN,ION 4,3,0,0,COMBAT 1,DEFENSE 1,,1,0,0,0,0,0,3,3,0,0,0,0,0,0,0,0,0,0,0,0,0,1,0,1,0,2,0,0,0,"FLEET DISTRACTION, NANO MEDBAY","",Chris Phillips,Human,100,26,0,0,0,4,2,4,2,60,65,2,Jon Caldwell,Engi,100,0,28,0,1,12,0,12,0,0,65,1,Butters,Engi,100,0,0,0,130,20,0,20,0,0,65,3,Kusy,Engi,100,0,30,0,0,1,0,1,0,0,5,0,,,,,,,,,,,,,,,,,,,,,,,,,,,,,
67,5,CIVILIAN,Civilian Sector,35%,27,1060,4,3405,"","This sector has become increasingly dangerous for friends of the Federation. I think my crew can patch up some of your hull damage as thanks.","",45,16,22,9,25,4,100,19,5,4,0,3,2,0,1,1,0,7,7,0,LASER CHAINGUN,LASER CHAINGUN,ION 4,3,2,0,COMBAT 1,DEFENSE 1,,1,0,0,0,0,0,3,3,0,0,0,0,0,0,0,0,0,0,0,0,0,1,0,1,0,2,0,0,0,"FLEET DISTRACTION, NANO MEDBAY","",Chris Phillips,Human,100,26,0,0,0,4,2,4,2,61,66,2,Jon Caldwell,Engi,100,0,28,0,1,12,0,12,0,0,66,1,Butters,Engi,100,0,0,0,130,20,0,20,0,0,66,3,Kusy,Engi,100,0,30,0,0,1,0,1,0,0,6,0,,,,,,,,,,,,,,,,,,,,,,,,,,,,,
68,5,CIVILIAN,Civilian Sector,45%,27,1060,4,3420,"","A transmission from the nearby planet indicates an outpost below which offers supplies to travelers. You send down an away party to check it out.","Drone: REPAIR, DEFENSE 1, COMBAT 1, Crew: Mantis, Human, Zoltan, Weapon: BOMB 1, BOMB HEAL, LASER CHAINGUN 2, Augment: ADV SCANNERS, BATTERY BOOSTER, DRONE RECOVERY, ",12,16,21,9,25,4,100,19,5,4,0,3,2,0,1,1,0,7,4,0,LASER CHAINGUN,LASER CHAINGUN,LASER CHAINGUN 2,3,0,0,COMBAT 1,DEFENSE 1,,1,0,0,0,0,0,3,3,0,0,0,0,0,0,0,0,0,0,0,0,0,1,0,1,0,2,0,0,0,"NANO MEDBAY","",Chris Phillips,Human,100,26,0,0,0,4,2,4,2,61,67,2,Jon Caldwell,Engi,100,0,28,0,1,12,0,12,0,0,67,1,Butters,Engi,100,0,0,0,130,20,0,20,0,0,67,3,Kusy,Engi,100,0,30,0,0,1,0,1,0,0,7,0,,,,,,,,,,,,,,,,,,,,,,,,,,,,,
69,5,CIVILIAN,Civilian Sector,55%,28,1108,4,3537,"","From the bits and pieces you find, you decide that this ship was gathering information. Nothing seems useful.","",60,16,20,8,25,4,86,19,5,4,0,3,3,0,1,1,0,7,6,0,LASER CHAINGUN 2,LASER CHAINGUN,LASER CHAINGUN,3,0,0,COMBAT 1,DEFENSE 1,,1,0,0,0,0,0,3,3,0,0,0,0,0,0,0,0,0,0,0,0,0,1,0,1,0,2,0,0,0,"NANO MEDBAY","",Chris Phillips,Human,100,26,0,0,0,4,2,4,2,62,68,2,Jon Caldwell,Engi,100,0,28,0,1,12,0,12,0,0,68,1,Butters,Engi,100,0,0,0,130,20,0,20,0,0,68,3,Kusy,Engi,100,0,30,0,0,1,0,1,0,0,8,0,,,,,,,,,,,,,,,,,,,,,,,,,,,,,
70,5,CIVILIAN,Civilian Sector,65%,29,1151,4,3647,"","Their ship breaks apart and you are relieved to know that you are still one step ahead of the fleet.","",103,14,22,8,25,4,47,19,5,4,1,3,3,0,1,0,0,7,6,0,LASER CHAINGUN 2,LASER CHAINGUN,LASER CHAINGUN,3,0,0,COMBAT 1,DEFENSE 1,,1,1,0,0,0,0,3,3,0,0,0,0,0,0,0,0,0,0,0,0,0,1,0,1,0,2,1,0,0,"NANO MEDBAY","",Chris Phillips,Human,100,26,0,0,0,4,2,4,2,62,69,2,Jon Caldwell,Engi,100,0,28,0,1,12,0,12,0,0,69,1,Butters,Engi,100,0,0,0,130,20,0,20,0,0,69,3,Kusy,Engi,100,0,30,0,0,1,0,1,0,0,9,0,,,,,,,,,,,,,,,,,,,,,,,,,,,,,
71,5,CIVILIAN,Civilian Sector,75%,29,1151,4,3662,"","","",3,14,21,8,25,4,40,19,5,4,0,3,3,0,1,1,0,8,6,0,LASER CHAINGUN 2,LASER CHAINGUN,LASER CHAINGUN,3,0,0,COMBAT 1,DEFENSE 1,,1,1,0,0,0,0,3,3,0,0,0,0,0,0,0,0,0,0,0,0,0,1,0,1,0,2,0,0,0,"NANO MEDBAY","",Chris Phillips,Human,100,26,0,0,0,4,2,4,2,62,70,2,Jon Caldwell,Engi,100,0,28,0,1,13,0,13,0,0,70,1,Butters,Engi,100,0,0,0,130,20,0,20,0,0,70,3,Kusy,Engi,100,0,30,0,0,2,0,2,0,0,10,0,,,,,,,,,,,,,,,,,,,,,,,,,,,,,
72,6,HOSTILE,Rebel Stronghold,0%,29,1151,4,3677,"","Once the Federation forces were scattered, the Rebels came down hard on the locals here. Between the 'tax collectors' and military bases, the Rebel presence in this sector is high.","",3,14,20,8,25,4,42,19,5,4,0,3,3,0,1,1,0,8,6,0,LASER CHAINGUN 2,LASER CHAINGUN,LASER CHAINGUN,3,0,0,COMBAT 1,DEFENSE 1,,1,1,0,0,0,0,3,3,0,0,0,0,0,0,0,0,0,0,0,0,0,1,0,1,0,2,0,0,0,"NANO MEDBAY","",Chris Phillips,Human,100,26,0,0,0,4,2,4,2,62,71,2,Jon Caldwell,Engi,100,0,28,0,1,13,0,13,0,0,71,1,Butters,Engi,100,0,0,0,130,20,0,20,0,0,71,3,Kusy,Engi,100,0,30,0,0,2,0,2,0,0,11,0,,,,,,,,,,,,,,,,,,,,,,,,,,,,,
73,6,HOSTILE,Rebel Stronghold,1%,30,1206,4,3804,"Pulsar Star","The ship explodes, leaving behind a substantial collection of useful scrap material.","",58,10,19,8,27,4,92,19,5,0,0,3,2,0,1,1,0,8,8,0,LASER CHAINGUN 2,LASER CHAINGUN,LASER CHAINGUN,3,0,0,COMBAT 1,DEFENSE 1,,1,1,0,0,0,0,3,3,0,0,0,0,0,0,0,0,0,0,0,0,0,1,0,1,0,2,0,0,0,"NANO MEDBAY","",Chris Phillips,Human,100,26,0,0,0,4,2,4,2,64,72,2,Jon Caldwell,Engi,100,0,28,0,1,14,0,14,0,0,72,1,Butters,Engi,100,0,0,0,130,21,0,21,0,0,72,3,Kusy,Engi,100,0,30,1,0,3,0,3,0,0,12,0,,,,,,,,,,,,,,,,,,,,,,,,,,,,,
74,6,HOSTILE,Rebel Stronghold,11%,30,1206,4,3819,"","You coldly shut off communications and prepare to leave. Your crew seems upset but you assure them that nothing could have been done.","",58,10,18,8,27,4,92,19,5,0,0,3,2,0,1,1,0,8,8,0,LASER CHAINGUN 2,LASER CHAINGUN,LASER CHAINGUN,3,0,0,COMBAT 1,DEFENSE 1,,1,1,0,0,0,0,3,3,0,0,0,0,0,0,0,0,0,0,0,0,0,1,0,1,0,2,0,0,0,"NANO MEDBAY","",Chris Phillips,Human,100,26,0,0,0,4,2,4,2,64,73,2,Jon Caldwell,Engi,100,0,28,0,1,14,0,14,0,0,73,1,Butters,Engi,100,0,0,0,130,21,0,21,0,0,73,3,Kusy,Engi,100,0,30,1,0,3,0,3,0,0,13,0,,,,,,,,,,,,,,,,,,,,,,,,,,,,,
75,6,HOSTILE,Rebel Stronghold,21%,30,1206,4,3834,"","You arrive at a small space station that is putting out wide-band broadcasts on black-market channels. You doubt they would turn away any business, regardless of allegiances.","Augment: FTL JUMPER, FIRE EXTINGUISHERS, ADV SCANNERS, Weapon: LASER CHARGEGUN, LASER HEAVY 1, MISSILES BREACH, ",58,10,17,8,27,4,93,19,5,2,0,3,2,0,1,1,0,8,8,0,LASER CHAINGUN 2,LASER CHAINGUN,LASER CHAINGUN,3,0,0,COMBAT 1,DEFENSE 1,,1,1,0,0,0,0,3,3,0,0,0,0,0,0,0,0,0,0,0,0,0,1,0,1,0,2,0,0,0,"NANO MEDBAY","",Chris Phillips,Human,100,26,0,0,0,4,2,4,2,64,74,2,Jon Caldwell,Engi,100,0,28,0,1,14,0,14,0,0,74,1,Butters,Engi,100,0,0,0,130,21,0,21,0,0,74,3,Kusy,Engi,100,0,30,1,0,3,0,3,0,0,14,0,,,,,,,,,,,,,,,,,,,,,,,,,,,,,
76,6,HOSTILE,Rebel Stronghold,30%,31,1245,4,3938,"","Their ship breaks apart and you are relieved to know that you are still one step ahead of the fleet.","",55,24,18,9,27,4,100,19,5,4,0,3,2,0,1,1,0,8,8,0,LASER CHAINGUN 2,LASER CHAINGUN,LASER CHAINGUN,3,0,0,COMBAT 1,DEFENSE 1,,1,1,0,0,0,0,3,3,0,0,0,0,0,0,0,0,0,0,0,0,0,1,0,1,0,2,0,0,0,"NANO MEDBAY","",Chris Phillips,Human,100,26,0,0,0,4,3,4,3,64,75,2,Jon Caldwell,Engi,74,0,28,2,1,14,0,14,0,0,75,1,Butters,Engi,70,0,0,0,130,21,0,21,0,0,75,3,Kusy,Engi,100,0,30,1,0,3,1,3,1,0,15,0,,,,,,,,,,,,,,,,,,,,,,,,,,,,,
77,6,HOSTILE,Rebel Stronghold,40%,32,1296,4,4059,"","The ship explodes, leaving behind a substantial collection of useful scrap material.","",76,15,17,10,29,4,100,20,5,4,0,3,3,0,1,1,0,8,8,0,LASER CHAINGUN 2,LASER CHAINGUN,LASER CHAINGUN,3,0,0,COMBAT 1,DEFENSE 1,,1,1,0,0,0,0,3,3,0,0,0,0,0,0,0,0,0,0,0,0,0,1,0,1,0,2,0,0,0,"NANO MEDBAY","",Chris Phillips,Human,100,26,0,0,0,5,3,5,3,66,76,2,Jon Caldwell,Engi,99,0,28,6,1,17,0,17,0,0,76,1,Butters,Engi,100,0,0,0,130,21,0,21,0,0,76,3,Kusy,Engi,100,0,30,1,0,5,1,5,1,0,16,0,,,,,,,,,,,,,,,,,,,,,,,,,,,,,
78,6,HOSTILE,Rebel Stronghold,50%,33,1336,4,4164,"","The ship explodes, leaving behind a substantial collection of useful scrap material.","",56,14,17,9,30,4,78,20,6,4,0,3,1,0,1,0,1,8,8,0,LASER CHAINGUN 2,LASER CHAINGUN,LASER CHAINGUN,3,0,0,COMBAT 1,DEFENSE 1,,1,1,0,0,0,0,3,3,0,0,0,0,0,0,0,0,0,0,0,0,0,1,0,1,0,2,0,0,0,"NANO MEDBAY","BOMB STUN",Chris Phillips,Human,100,26,0,0,0,5,3,5,3,66,77,2,Jon Caldwell,Engi,87,0,28,6,1,17,0,17,0,0,77,1,Butters,Engi,100,0,0,0,130,21,0,21,0,0,77,3,Kusy,Engi,100,0,30,1,0,5,1,5,1,0,17,0,,,,,,,,,,,,,,,,,,,,,,,,,,,,,
79,6,HOSTILE,Rebel Stronghold,60%,34,1374,4,4266,"","There are no more life-signs remaining on the ship. You strip it of useful materials.","",59,14,19,10,30,4,34,21,6,6,0,3,2,0,1,1,0,8,8,0,LASER CHAINGUN 2,LASER CHAINGUN,LASER CHAINGUN,3,0,0,COMBAT 1,DEFENSE 1,,1,1,0,0,0,0,3,3,0,0,0,0,0,0,0,0,0,0,0,0,0,1,0,1,0,2,0,0,0,"NANO MEDBAY","BOMB STUN",Chris Phillips,Human,100,26,0,0,0,5,3,5,3,68,78,2,Jon Caldwell,Engi,100,0,28,9,1,18,1,18,1,0,78,2,Butters,Engi,100,0,0,0,130,21,0,21,0,0,78,3,Kusy,Engi,100,0,30,1,0,5,1,5,1,0,18,0,,,,,,,,,,,,,,,,,,,,,,,,,,,,,REBEL_SKINNY,2,16,0,8,0,99,19,6,0,5,3,3,0,2,2,0,7,0,6,SHOTGUN,LASER HEAVY 2,BEAM 1,BOMB 1,0,0,0,0,0,0,1,1,0,0,0,0,0,0,0,0,0,0,0,0,0,0,0,0,3,0,0,0,0,0,0,0,"",,,,,,,,,,,,,,,,,,,,,,,,,,true,5,false,2,1,2
80,6,HOSTILE,Rebel Stronghold,70%,34,1374,4,4281,"","At least you're confident, for what little that's worth. Here is their last known location. Added a quest marker to the next sector!","",24,14,18,10,30,4,37,22,6,6,0,3,2,0,1,1,0,8,8,0,LASER CHAINGUN 2,LASER CHAINGUN,LASER CHAINGUN,3,0,0,COMBAT 1,DEFENSE 1,,1,1,0,0,0,0,3,3,0,0,0,0,0,0,0,0,0,0,0,0,0,1,0,1,0,2,0,0,0,"NANO MEDBAY","BOMB STUN",Chris Phillips,Human,100,26,0,0,0,5,3,5,3,68,79,2,Jon Caldwell,Engi,100,0,28,9,1,18,1,18,1,0,79,2,Butters,Engi,100,0,0,0,130,21,0,21,0,0,79,3,Kusy,Engi,100,0,30,1,0,5,1,5,1,0,19,0,,,,,,,,,,,,,,,,,,,,,,,,,,,,,
81,6,HOSTILE,Rebel Stronghold,80%,35,1421,4,4397,"","The ship explodes, leaving behind a substantial collection of useful scrap material.","",71,14,19,10,30,4,89,22,6,6,0,3,3,0,1,1,0,8,8,0,LASER CHAINGUN 2,LASER CHAINGUN,LASER CHAINGUN,3,0,0,COMBAT 1,DEFENSE 1,,1,1,0,0,0,0,3,3,0,0,0,0,0,0,0,0,0,0,0,0,0,1,0,1,0,2,0,0,0,"NANO MEDBAY","BOMB STUN",Chris Phillips,Human,100,26,0,0,0,5,3,5,3,72,80,2,Jon Caldwell,Engi,100,0,28,17,1,18,1,18,1,0,80,2,Butters,Engi,100,0,0,0,130,21,0,21,0,0,80,3,Kusy,Engi,100,0,30,1,0,5,1,5,1,0,20,0,,,,,,,,,,,,,,,,,,,,,,,,,,,,,
82,6,HOSTILE,Rebel Stronghold,85%,36,1475,4,4523,"","The ship explodes, leaving behind a substantial collection of useful scrap material.","",125,13,20,10,31,4,100,22,6,6,0,3,3,0,1,1,0,8,8,0,LASER CHAINGUN 2,LASER CHAINGUN,LASER CHAINGUN,3,0,0,COMBAT 1,DEFENSE 1,,1,1,0,0,0,0,3,3,0,0,0,0,0,0,0,0,0,0,0,0,0,1,0,1,0,2,0,0,0,"NANO MEDBAY","BOMB STUN",Chris Phillips,Human,100,26,0,0,0,5,3,5,3,78,81,2,Jon Caldwell,Engi,100,0,28,24,1,18,1,18,1,0,81,2,Butters,Engi,100,0,0,0,130,21,0,21,0,0,81,3,Kusy,Engi,100,0,30,1,0,6,1,6,1,0,21,0,,,,,,,,,,,,,,,,,,,,,,,,,,,,,
83,6,HOSTILE,Rebel Stronghold,90%,37,1518,4,4632,"","The ship explodes, leaving behind a substantial collection of useful scrap material.","",73,11,21,9,32,4,39,23,6,2,0,4,2,0,1,0,1,8,4,0,LASER CHAINGUN 2,LASER CHAINGUN,LASER CHAINGUN,4,0,0,COMBAT 1,DEFENSE 1,,1,0,1,0,0,0,3,1,0,0,0,0,0,0,0,0,0,0,0,0,0,1,0,1,0,2,0,0,0,"NANO MEDBAY","BOMB STUN",Chris Phillips,Human,100,26,0,0,0,5,3,5,3,79,82,2,Jon Caldwell,Engi,23,0,28,25,1,19,1,19,1,0,82,2,Butters,Engi,67,0,0,0,130,22,0,22,0,0,82,3,Kusy,Engi,57,0,30,1,0,6,1,6,1,0,22,0,,,,,,,,,,,,,,,,,,,,,,,,,,,,,
84,6,HOSTILE,Rebel Stronghold,94%,38,1542,4,4713,"","The ship breaks apart and you feel relief in the knowledge that you will hopefully still be one step ahead of the fleet.","",97,9,22,9,32,4,81,23,6,6,0,4,3,0,1,1,0,8,8,0,LASER CHAINGUN 2,LASER CHAINGUN,LASER CHAINGUN,4,0,0,COMBAT 1,DEFENSE 1,,1,0,1,0,0,0,3,1,0,0,0,0,0,0,0,0,0,0,0,0,0,1,0,1,0,2,0,0,0,"NANO MEDBAY","BOMB STUN",Chris Phillips,Human,100,26,0,0,0,5,3,5,3,83,83,2,Jon Caldwell,Engi,89,0,28,33,1,20,1,20,1,0,83,2,Butters,Engi,100,0,0,0,130,23,0,23,0,0,83,3,Kusy,Engi,100,0,30,1,0,7,1,7,1,0,23,0,,,,,,,,,,,,,,,,,,,,,,,,,,,,,
85,6,HOSTILE,Rebel Stronghold,104%,38,1570,5,4770,"","None of your attempts to communicate seem to work: they just stare at you silently. As you prepare to leave, one of the creatures canters forward and forcefully nudges you away from the ship. He seems to want you to follow him. Eventually, they guide you to an old Engi ship's crash site. Inside you are able to find and reactivate an Engi!","",125,9,24,9,33,5,84,23,6,6,0,4,3,0,1,1,0,8,8,0,LASER CHAINGUN 2,LASER CHAINGUN,LASER CHAINGUN,4,0,0,COMBAT 1,DEFENSE 1,,1,0,0,0,0,0,3,1,0,0,0,0,0,0,0,0,0,0,0,0,0,1,0,1,0,2,0,0,0,"NANO MEDBAY","BOMB STUN",Chris Phillips,Human,100,26,0,0,0,5,3,5,3,83,84,2,Jon Caldwell,Engi,89,0,28,33,1,21,1,21,1,0,84,2,Butters,Engi,100,0,0,0,130,23,0,23,0,0,84,3,Kusy,Engi,100,0,30,1,0,7,1,7,1,0,24,0,Mullett,Engi,100,0,15,0,0,0,0,0,0,0,0,0,,,,,,,,,,,,,,,
86,7,CIVILIAN,Engi Controlled Sector,0%,38,1570,5,4785,"","You have arrived in Engi space. The fall of the Federation has brought tough times for these robotic lifeforms, but they're usually willing to help.","",125,9,23,9,33,5,90,23,6,6,0,4,3,0,1,1,0,8,8,0,LASER CHAINGUN 2,LASER CHAINGUN,LASER CHAINGUN,4,0,0,COMBAT 1,DEFENSE 1,,1,0,0,0,0,0,3,1,0,0,0,0,0,0,0,0,0,0,0,0,0,1,0,1,0,2,0,0,0,"NANO MEDBAY","BOMB STUN",Chris Phillips,Human,100,26,0,0,0,5,3,5,3,83,85,2,Jon Caldwell,Engi,89,0,28,33,1,21,1,21,1,0,85,2,Butters,Engi,100,0,0,0,130,23,0,23,0,0,85,3,Kusy,Engi,100,0,30,1,0,7,1,7,1,0,25,0,Mullett,Engi,100,0,15,0,0,0,0,0,0,0,1,0,,,,,,,,,,,,,,,
87,7,CIVILIAN,Engi Controlled Sector,0%,38,1615,5,4868,"","With the pirates dissuaded from their career path, you return to the settlement. Thank you, they returned to us before you did. I don't think we'll need this anymore.","",170,9,22,8,33,5,100,23,6,6,0,4,3,0,1,1,0,8,8,0,LASER CHAINGUN 2,LASER CHAINGUN,LASER CHAINGUN,4,0,0,COMBAT 1,DEFENSE 1,,1,0,0,0,0,0,3,3,0,0,0,0,0,0,0,0,0,0,0,0,0,1,0,1,0,2,0,0,0,"NANO MEDBAY","BOMB STUN, MISSILES BURST",Chris Phillips,Human,100,26,0,0,0,5,3,5,3,86,86,2,Jon Caldwell,Engi,89,0,28,37,1,21,1,21,1,0,86,2,Butters,Engi,100,0,0,0,130,23,0,23,0,0,86,3,Kusy,Engi,100,0,30,1,0,7,1,7,1,0,26,0,Mullett,Engi,100,0,15,0,0,0,0,0,0,0,2,0,,,,,,,,,,,,,,,FED_BOMBER_P_DLC,7,16,4,10,5,100,24,6,1,4,5,5,0,2,2,0,8,0,1,LASER HEAVY 2,LASER BURST 5,LASER HEAVY 1,,0,0,0,0,0,0,0,0,0,0,0,0,0,0,0,2,2,0,0,0,0,0,0,0,1,0,0,0,0,0,0,0,"",Kara,Human,100,0,0,Xin Xin,Zoltan,10,0,0,Artyom,Zoltan,13,2,0,Adnan,Human,52,1,0,Declan,Engi,53,1,0,true,7,false,3,0,5
88,7,CIVILIAN,Engi Controlled Sector,2%,39,1643,6,4955,"","To your surprise your Engi crewmember reforms. It looks as if the virus reconstituted, repurposed, and reprogrammed the Engi host and wants to travel with you... and it seems to have learned a great deal from its time on your ship.","",48,9,22,7,35,6,100,25,7,6,0,4,4,0,1,1,0,8,8,0,LASER CHAINGUN 2,LASER CHAINGUN,LASER CHAINGUN,4,0,0,COMBAT 1,DEFENSE 1,,1,1,0,0,0,0,3,3,0,0,0,0,0,0,0,0,0,0,0,0,0,1,0,1,0,2,0,0,0,"NANO MEDBAY","BOMB STUN, MISSILES BURST",Chris Phillips,Human,100,26,0,0,0,5,3,5,3,91,87,2,Jon Caldwell,Engi,0,0,28,37,1,21,1,21,1,0,87,2,Butters,Engi,100,0,0,0,130,23,0,23,0,0,87,3,Kusy,Engi,100,0,30,1,0,7,1,7,1,0,27,0,Mullett,Engi,100,0,15,0,0,0,0,0,0,0,3,0,Virus,Engi,100,30,30,110,130,36,16,0,0,0,0,0,
89,7,CIVILIAN,Engi Controlled Sector,12%,39,1699,6,5054,""," Added a quest marker to your map!","",104,9,24,7,37,5,100,25,7,6,0,4,4,0,1,1,0,8,8,0,LASER CHAINGUN 2,LASER CHAINGUN,LASER CHAINGUN,4,0,0,COMBAT 1,DEFENSE 1,,1,1,0,0,0,0,3,3,0,0,0,0,0,0,0,0,0,0,0,0,0,1,0,1,0,2,0,0,0,"NANO MEDBAY","BOMB STUN, MISSILES BURST",Chris Phillips,Human,100,26,0,0,0,5,3,5,3,91,88,2,Butters,Engi,100,0,0,0,130,23,0,23,0,0,88,3,Kusy,Engi,100,0,30,1,0,7,1,7,1,0,28,0,Mullett,Engi,100,0,15,0,0,0,0,0,0,0,4,0,Virus,Engi,100,30,30,110,130,36,16,0,0,0,1,0,,,,,,,,,,,,,,,
90,7,CIVILIAN,Engi Controlled Sector,22%,39,1699,6,5069,"","An Engi ship hails: Engine upgrade necessary for travel home. Sale of equipment necessary for engine upgrade.","Drone: ANTI DRONE, DEFENSE 1, COMBAT BEAM, System: clonebay, mind, hacking, ",5,25,23,7,37,5,100,25,7,6,0,4,4,0,1,1,0,8,8,0,LASER CHAINGUN 2,LASER CHAINGUN,LASER CHAINGUN,4,0,0,COMBAT 1,DEFENSE 1,ANTI DRONE,1,1,0,0,0,0,3,3,0,0,0,0,0,0,0,0,0,0,0,0,0,1,0,1,0,2,0,0,0,"NANO MEDBAY","BOMB STUN, MISSILES BURST",Chris Phillips,Human,100,26,0,0,0,5,3,5,3,91,89,2,Butters,Engi,100,0,0,0,130,23,0,23,0,0,89,3,Kusy,Engi,100,0,30,1,0,7,1,7,1,0,29,0,Mullett,Engi,100,0,15,0,0,0,0,0,0,0,5,0,Virus,Engi,100,30,30,110,130,36,16,0,0,0,2,0,,,,,,,,,,,,,,,
91,7,CIVILIAN,Engi Controlled Sector,32%,39,1758,6,5172,"","You find the station that had ordered your cargo. You drop it off and they respond, Ignoring the fact that this is days late, we really appreciate that you delivered our materials. We realize how dangerous this sector is these days. Take this as payment.","",64,25,22,7,37,5,100,25,7,6,0,4,4,0,1,1,0,8,8,0,LASER CHAINGUN 2,LASER CHAINGUN,LASER CHAINGUN,4,0,0,COMBAT 1,DEFENSE 1,ANTI DRONE,1,1,0,0,0,0,3,3,0,0,0,0,0,0,0,0,0,0,0,0,0,1,0,1,0,2,0,0,0,"NANO MEDBAY","BOMB STUN, MISSILES BURST, DEFENSE 1",Chris Phillips,Human,100,26,0,0,0,5,3,5,3,91,90,2,Butters,Engi,100,0,0,0,130,23,0,23,0,0,90,3,Kusy,Engi,100,0,30,1,0,7,1,7,1,0,30,0,Mullett,Engi,100,0,15,0,0,0,0,0,0,0,6,0,Virus,Engi,100,30,30,110,130,36,16,0,0,0,3,0,,,,,,,,,,,,,,,
92,7,CIVILIAN,Engi Controlled Sector,42%,40,1805,6,5288,"","The ship explodes, leaving behind a substantial collection of useful scrap material.","",111,25,21,8,38,5,100,25,7,6,0,4,4,0,1,1,0,8,8,0,LASER CHAINGUN 2,LASER CHAINGUN,LASER CHAINGUN,4,0,0,COMBAT 1,DEFENSE 1,ANTI DRONE,1,1,0,0,0,0,3,3,0,0,0,0,0,0,0,0,0,0,0,0,0,1,0,1,0,2,0,0,0,"NANO MEDBAY","BOMB STUN, MISSILES BURST, DEFENSE 1",Chris Phillips,Human,100,26,0,0,0,5,3,5,3,94,91,2,Butters,Engi,100,0,0,0,130,23,0,23,0,0,91,3,Kusy,Engi,100,0,30,1,0,7,1,7,1,0,31,0,Mullett,Engi,100,0,15,0,0,0,1,0,1,0,7,0,Virus,Engi,100,30,30,110,130,36,16,0,1,0,4,0,,,,,,,,,,,,,,,
93,7,CIVILIAN,Engi Controlled Sector,52%,40,1836,6,5349,"","You inform a nearby station of your flight from the Rebels. They offer to outfit your ship with a weapon and wish you well.","",42,25,20,8,38,5,100,25,8,6,0,4,4,0,1,1,0,8,8,0,LASER CHAINGUN 2,LASER CHAINGUN,LASER CHAINGUN,4,0,0,COMBAT 1,DEFENSE 1,ANTI DRONE,1,1,0,0,0,0,3,3,0,0,0,0,0,0,0,0,0,0,0,0,0,1,0,1,0,2,0,0,0,"NANO MEDBAY","BOMB STUN, MISSILES BURST, DEFENSE 1, BEAM FIRE",Chris Phillips,Human,100,26,0,0,0,5,3,5,3,94,92,2,Butters,Engi,100,0,0,0,130,23,0,23,0,0,92,3,Kusy,Engi,100,0,30,1,0,7,1,7,1,0,32,0,Mullett,Engi,100,0,15,0,0,0,1,0,1,0,8,0,Virus,Engi,100,30,30,110,130,36,16,0,1,0,5,0,,,,,,,,,,,,,,,
94,7,CIVILIAN,Engi Controlled Sector,62%,40,1867,6,5411,"","","",73,25,19,8,38,5,100,25,8,6,0,4,4,0,1,1,0,8,8,0,LASER CHAINGUN 2,LASER CHAINGUN,LASER CHAINGUN,4,0,0,COMBAT 1,DEFENSE 1,ANTI DRONE,1,1,0,0,0,0,3,3,0,0,0,0,0,0,0,0,0,0,0,0,0,1,0,1,0,2,0,0,0,"NANO MEDBAY","BOMB STUN, MISSILES BURST, DEFENSE 1, BEAM FIRE",Chris Phillips,Human,100,26,0,0,0,5,3,5,3,94,93,2,Butters,Engi,100,0,0,0,130,23,0,23,0,0,93,3,Kusy,Engi,100,0,30,1,0,7,1,7,1,0,33,0,Mullett,Engi,100,0,15,0,0,0,1,0,1,0,9,0,Virus,Engi,100,30,30,110,130,36,16,0,1,0,6,0,,,,,,,,,,,,,,,AUTO_ASSAULT_DLC,14,16,4,10,0,0,21,6,6,0,5,1,0,0,0,0,7,0,0,MISSILES 3,LASER HEAVY 2,BOMB ION,,0,0,0,0,0,0,0,0,0,0,0,0,0,0,0,0,0,0,0,0,0,2,1,0,2,0,0,0,0,0,0,0,"",,,,,,,,,,,,,,,,,,,,,,,,,,false,3,false,2,0,0
95,7,CIVILIAN,Engi Controlled Sector,71%,40,1912,6,5493,"","Thank you, this will help greatly.","",118,25,18,8,23,5,100,25,8,6,0,4,4,0,1,1,0,8,8,0,LASER CHAINGUN 2,LASER CHAINGUN,LASER CHAINGUN,4,0,0,COMBAT 1,DEFENSE 1,ANTI DRONE,1,1,0,0,0,0,3,3,0,0,0,0,0,0,0,0,0,0,0,0,0,1,0,1,0,2,0,0,0,"NANO MEDBAY","BOMB STUN, MISSILES BURST, DEFENSE 1, BEAM FIRE",Chris Phillips,Human,100,26,0,0,0,5,3,5,3,94,94,2,Butters,Engi,100,0,0,0,130,23,0,23,0,0,94,3,Kusy,Engi,100,0,30,1,0,7,1,7,1,0,34,0,Mullett,Engi,100,0,15,0,0,0,1,0,1,0,10,0,Virus,Engi,100,30,30,110,130,36,16,0,1,0,7,0,,,,,,,,,,,,,,,
96,7,CIVILIAN,Engi Controlled Sector,81%,41,1957,6,5606,"","The ship explodes, leaving behind a substantial collection of useful scrap material.","",163,25,17,8,25,5,100,25,8,8,0,4,4,0,1,1,0,8,8,0,LASER CHAINGUN 2,LASER CHAINGUN,LASER CHAINGUN,4,0,0,COMBAT 1,DEFENSE 1,ANTI DRONE,1,1,0,0,0,0,3,1,0,0,0,0,0,0,0,0,0,0,0,0,0,1,0,1,0,2,0,0,0,"NANO MEDBAY","BOMB STUN, MISSILES BURST, DEFENSE 1, BEAM FIRE",Chris Phillips,Human,100,26,0,0,0,5,3,5,3,96,95,2,Butters,Engi,100,0,0,0,130,23,0,23,0,0,95,3,Kusy,Engi,100,0,30,1,0,7,1,7,1,0,35,0,Mullett,Engi,100,0,15,0,0,0,1,0,1,0,11,0,Virus,Engi,100,30,30,110,130,36,16,0,1,0,8,0,,,,,,,,,,,,,,,
97,7,CIVILIAN,Engi Controlled Sector,91%,41,1957,6,5621,"","","",163,25,16,8,25,5,100,25,8,8,0,4,4,0,1,1,0,8,8,0,LASER CHAINGUN 2,LASER CHAINGUN,LASER CHAINGUN,4,0,0,COMBAT 1,DEFENSE 1,ANTI DRONE,1,1,0,0,0,0,3,1,0,0,0,0,0,0,0,0,0,0,0,0,0,1,0,1,0,2,0,0,0,"NANO MEDBAY","BOMB STUN, MISSILES BURST, DEFENSE 1, BEAM FIRE",Chris Phillips,Human,100,26,0,0,0,5,3,5,3,96,96,2,Butters,Engi,100,0,0,0,130,23,0,23,0,0,96,3,Kusy,Engi,100,0,30,1,0,7,1,7,1,0,36,0,Mullett,Engi,100,0,15,0,0,0,1,0,1,0,12,0,Virus,Engi,100,30,30,110,130,36,16,0,1,0,9,0,,,,,,,,,,,,,,,
98,8,HOSTILE,The Last Stand,121%,41,1957,6,5636,"Federation Fleet","Tully responds, It's settled. The Rebels will be here in a matter of moments. We will do what we can to hold off their warships but you must succeed in destroying this flagship. Your current outpost can provide some repairs and fuel, and the other repair stations can provide aid as well. Good luck.","",163,30,25,8,25,5,100,25,8,8,0,4,4,0,1,1,0,8,8,0,LASER CHAINGUN 2,LASER CHAINGUN,LASER CHAINGUN,4,0,0,COMBAT 1,DEFENSE 1,ANTI DRONE,1,1,0,0,0,0,3,1,0,0,0,0,0,0,0,0,0,0,0,0,0,1,0,1,0,2,0,0,0,"NANO MEDBAY","BOMB STUN, MISSILES BURST, DEFENSE 1, BEAM FIRE",Chris Phillips,Human,100,26,0,0,0,5,3,5,3,96,97,2,Butters,Engi,100,0,0,0,130,23,0,23,0,0,97,3,Kusy,Engi,100,0,30,1,0,7,1,7,1,0,37,0,Mullett,Engi,100,0,15,0,0,0,1,0,1,0,13,0,Virus,Engi,100,30,30,110,130,36,16,0,1,0,10,0,,,,,,,,,,,,,,,
99,8,HOSTILE,The Last Stand,121%,41,1996,6,5709,"","A forward construction station is in the process of repairing damaged warships. Your command codes convince them to do a quick patch job on your ship.","",122,30,29,13,29,5,100,25,8,8,0,4,4,0,2,1,0,8,8,0,LASER CHAINGUN 2,LASER CHAINGUN,LASER CHAINGUN,4,0,0,COMBAT 1,DEFENSE 1,ANTI DRONE,2,1,0,0,0,0,3,1,0,0,0,0,0,0,0,0,0,0,0,0,0,2,0,1,0,2,0,0,0,"NANO MEDBAY","BOMB STUN, MISSILES BURST, DEFENSE 1, BEAM FIRE",Chris Phillips,Human,100,26,0,0,0,5,3,5,3,96,98,2,Butters,Engi,100,0,0,0,130,23,0,23,0,0,98,3,Kusy,Engi,100,0,30,1,0,7,1,7,1,0,38,0,Mullett,Engi,100,0,15,0,0,0,1,0,1,0,14,0,Virus,Engi,100,30,30,110,130,36,16,0,1,0,11,0,,,,,,,,,,,,,,,
100,8,HOSTILE,The Last Stand,121%,42,2062,6,5853,"","The ship explodes, leaving behind a substantial collection of useful scrap material.","",98,30,28,12,30,5,100,25,8,8,0,5,4,0,2,1,0,8,8,0,LASER CHAINGUN 2,LASER CHAINGUN,LASER CHAINGUN,4,2,0,COMBAT 1,DEFENSE 1,ANTI DRONE,2,1,0,0,0,0,3,1,0,0,0,0,0,0,0,0,0,0,0,0,0,3,0,1,0,2,0,0,0,"NANO MEDBAY","BOMB STUN, MISSILES BURST, DEFENSE 1, BEAM FIRE",Chris Phillips,Human,100,26,0,0,0,5,3,5,3,107,99,2,Butters,Engi,100,0,0,0,130,23,0,23,0,0,99,3,Kusy,Engi,100,0,30,1,0,7,1,7,1,0,39,0,Mullett,Engi,100,0,15,0,0,0,1,0,1,0,15,0,Virus,Engi,100,30,30,110,130,36,16,0,1,0,12,0,,,,,,,,,,,,,,,
101,8,HOSTILE,The Last Stand,121%,42,2062,6,5868,"","You arrive near the Federation Base to find the bulk of their fleet skirmishing with Rebel forces. You hang back near the far side of the moon to avoid the conflict. There's not much you can do to help in that battle, and your mission holds the key to turn the tide of the war. You prepare to face the Flagship.","",98,30,27,12,30,5,100,25,8,8,0,5,4,0,2,1,0,8,8,0,LASER CHAINGUN 2,LASER CHAINGUN,LASER CHAINGUN,4,0,0,COMBAT 1,DEFENSE 1,ANTI DRONE,2,1,0,0,0,0,3,1,0,0,0,0,0,0,0,0,0,0,0,0,0,3,0,1,0,2,0,0,0,"NANO MEDBAY","BOMB STUN, MISSILES BURST, DEFENSE 1, BEAM FIRE",Chris Phillips,Human,100,26,0,0,0,5,3,5,3,107,100,2,Butters,Engi,100,0,0,0,130,23,0,23,0,0,100,3,Kusy,Engi,100,0,30,1,0,7,1,7,1,0,40,0,Mullett,Engi,100,0,15,0,0,0,1,0,1,0,16,0,Virus,Engi,100,30,30,110,130,36,16,0,1,0,13,0,,,,,,,,,,,,,,,
102,8,HOSTILE,The Last Stand,121%,42,2062,6,5883,"","","",53,30,25,11,30,5,100,25,8,6,0,5,4,0,2,1,0,8,8,0,LASER CHAINGUN 2,LASER CHAINGUN,LASER CHAINGUN,4,0,0,COMBAT 1,DEFENSE 1,ANTI DRONE,3,1,0,0,0,0,3,3,0,0,0,0,0,0,0,0,0,0,0,0,0,3,0,1,0,2,0,0,0,"NANO MEDBAY","BOMB STUN, MISSILES BURST, DEFENSE 1, BEAM FIRE",Chris Phillips,Human,100,26,0,0,0,5,3,5,3,107,102,2,Butters,Engi,100,0,0,0,130,23,0,23,0,0,102,3,Kusy,Engi,100,0,30,1,0,7,1,7,1,0,42,0,Mullett,Engi,100,0,15,0,0,0,1,0,1,0,18,0,Virus,Engi,100,30,30,110,130,36,16,0,1,0,15,0,,,,,,,,,,,,,,,
